1,1,579.88,282.79,188.01999999999998,438.43,1,1,1.0
2,1,574.97,280.68,186.74,433.57,1,1,1.0
3,1,575.73,280.35,182.75,429.27,1,1,1.0
4,1,575.76,279.37,182.09000000000003,430.85,1,1,1.0
5,1,575.39,279.0,182.03999999999996,429.88,1,1,1.0
6,1,572.43,278.62,182.85000000000002,433.36,1,1,1.0
7,1,571.44,278.09,182.4699999999999,432.84,1,1,1.0
8,1,570.0,277.5,183.52999999999997,432.1,1,1,1.0
9,1,568.13,277.17,183.88,431.37999999999994,1,1,1.0
10,1,565.46,275.5,186.18999999999994,435.53999999999996,1,1,1.0
11,1,563.48,276.35,187.39,434.25,1,1,1.0
12,1,561.51,275.73,185.52999999999997,435.35,1,1,1.0
13,1,559.01,276.46,187.11,434.05,1,1,1.0
14,1,556.58,276.2,186.43999999999994,434.71,1,1,1.0
15,1,553.89,275.95,186.75,435.09999999999997,1,1,1.0
16,1,552.34,275.66,184.52999999999997,434.69,1,1,1.0
17,1,550.43,276.33,183.0300000000001,433.31,1,1,1.0
18,1,547.78,275.76,184.49,433.75,1,1,1.0
19,1,544.46,275.22,183.76999999999998,433.53999999999996,1,1,1.0
20,1,541.03,275.16,182.39,437.83,1,1,1.0
21,1,537.31,273.78,180.6400000000001,436.0400000000001,1,1,1.0
22,1,533.82,273.6,179.64,438.55999999999995,1,1,1.0
23,1,530.36,275.38,178.99,434.53999999999996,1,1,1.0
24,1,526.98,275.56,178.74,435.91,1,1,1.0
25,1,523.71,277.85,178.05999999999995,429.65,1,1,1.0
26,1,520.13,278.73,178.02999999999997,429.76,1,1,1.0
27,1,516.57,280.7,177.27999999999997,429.84999999999997,1,1,1.0
28,1,513.86,281.75,177.30999999999995,430.21000000000004,1,1,1.0
29,1,509.6,281.46,177.60000000000002,427.59999999999997,1,1,1.0
30,1,507.72,279.35,178.27999999999997,431.98,1,1,1.0
31,1,508.04,278.5,175.18,430.80999999999995,1,1,1.0
32,1,506.14,278.64,174.57000000000005,432.34000000000003,1,1,1.0
33,1,505.06,277.65,172.43,434.49,1,1,1.0
34,1,504.83,278.51,171.53000000000003,433.6,1,1,1.0
35,1,501.82,278.92,171.62000000000006,433.09999999999997,1,1,1.0
36,1,503.46,279.2,168.96999999999997,431.62000000000006,1,1,1.0
37,1,503.74,278.81,167.14999999999998,429.59999999999997,1,1,1.0
38,1,502.7,279.04,166.82,431.03000000000003,1,1,1.0
39,1,504.34,280.12,163.71999999999997,430.54999999999995,1,1,1.0
40,1,503.56,279.47,162.95,432.17999999999995,1,1,1.0
41,1,502.93,278.36,164.41000000000003,432.15,1,1,1.0
42,1,502.31,278.96,163.48999999999995,432.07,1,1,1.0
43,1,502.68,279.62,162.18,430.52,1,1,1.0
44,1,504.78,279.35,160.35000000000002,429.67999999999995,1,1,1.0
45,1,504.63,279.52,159.17999999999995,428.23,1,1,1.0
46,1,505.81,278.98,158.45999999999998,431.54999999999995,1,1,1.0
47,1,505.99,278.42,156.93999999999994,428.96999999999997,1,1,1.0
48,1,504.46,280.18,158.48000000000008,429.07,1,1,1.0
49,1,506.72,281.11,157.0,430.03,1,1,1.0
50,1,507.17,282.14,155.97999999999996,426.03999999999996,1,1,1.0
51,1,507.49,281.82,154.86,429.08,1,1,1.0
52,1,509.65,280.99,154.56000000000006,426.83000000000004,1,1,1.0
53,1,510.84,282.73,155.27000000000004,426.86,1,1,1.0
54,1,512.34,280.92,152.49,432.13999999999993,1,1,1.0
55,1,513.6,280.59,151.68999999999994,426.96999999999997,1,1,1.0
56,1,513.69,281.05,153.26999999999998,426.86999999999995,1,1,1.0
57,1,515.59,283.95,153.58999999999992,424.97999999999996,1,1,1.0
58,1,517.62,281.9,149.84000000000003,429.63,1,1,1.0
59,1,518.07,281.73,150.16999999999996,430.24,1,1,1.0
60,1,519.05,282.18,150.3900000000001,429.26000000000005,1,1,1.0
61,1,519.42,281.42,149.94000000000005,428.61999999999995,1,1,1.0
62,1,520.09,280.87,149.64,427.96000000000004,1,1,1.0
63,1,519.14,280.72,150.96000000000004,425.56999999999994,1,1,1.0
64,1,518.04,280.39,151.66000000000008,428.81000000000006,1,1,1.0
65,1,519.69,280.48,151.40999999999997,427.03999999999996,1,1,1.0
66,1,519.16,282.42,152.81000000000006,424.45,1,1,1.0
67,1,516.82,280.2,154.40999999999997,427.55,1,1,1.0
68,1,518.72,281.58,152.82999999999993,424.88000000000005,1,1,1.0
69,1,517.15,280.45,153.79000000000008,422.74000000000007,1,1,1.0
70,1,516.39,281.08,153.53999999999996,425.76000000000005,1,1,1.0
71,1,517.8,280.69,153.06000000000006,423.85999999999996,1,1,1.0
72,1,515.61,281.81,153.53999999999996,424.66,1,1,1.0
73,1,517.25,281.53,153.57000000000005,423.0400000000001,1,1,1.0
74,1,515.59,280.25,153.61,424.88,1,1,1.0
75,1,514.47,282.26,154.32999999999993,422.59000000000003,1,1,1.0
76,1,514.6,280.47,153.39,423.88,1,1,1.0
77,1,513.17,281.1,154.99,426.22,1,1,1.0
78,1,512.66,280.56,155.33000000000004,425.48999999999995,1,1,1.0
79,1,511.96,279.42,154.59999999999997,424.96,1,1,1.0
80,1,510.28,280.23,155.39,428.0799999999999,1,1,1.0
81,1,509.81,280.9,154.69,426.09000000000003,1,1,1.0
82,1,508.18,282.09,155.21999999999997,422.96,1,1,1.0
83,1,507.19,280.23,154.84999999999997,423.35,1,1,1.0
84,1,503.15,281.43,156.89,426.03000000000003,1,1,1.0
85,1,503.08,282.7,155.47999999999996,423.06,1,1,1.0
86,1,503.62,280.27,154.51,424.64,1,1,1.0
87,1,499.5,281.15,156.70000000000005,425.47,1,1,1.0
88,1,499.71,283.37,154.57,422.0,1,1,1.0
89,1,498.71,282.37,154.44,423.16999999999996,1,1,1.0
90,1,495.96,281.97,156.29000000000002,427.04999999999995,1,1,1.0
91,1,495.01,282.43,154.44000000000005,425.74999999999994,1,1,1.0
92,1,493.57,281.36,154.12000000000006,424.44999999999993,1,1,1.0
93,1,490.6,282.55,154.27999999999997,423.84999999999997,1,1,1.0
94,1,488.81,282.53,155.21999999999997,422.02,1,1,1.0
95,1,486.99,283.14,156.74,421.91999999999996,1,1,1.0
96,1,484.43,284.93,156.65000000000003,417.56,1,1,1.0
97,1,482.84,285.54,156.48000000000008,421.7,1,1,1.0
98,1,481.56,285.92,156.65000000000003,418.59999999999997,1,1,1.0
99,1,479.9,286.46,157.5,418.45,1,1,1.0
100,1,479.9,286.46,157.5,418.45,1,1,1.0
101,1,479.9,286.46,157.5,418.45,1,1,1.0
102,1,479.9,286.46,157.5,418.45,1,1,1.0
103,1,479.9,286.46,157.5,418.45,1,1,1.0
103,2,0.0,249.96,61.75,469.5999999999999,1,1,1.0
104,1,479.9,286.46,157.5,418.45,1,1,1.0
104,2,0.0,226.1,61.75,493.4599999999999,1,1,1.0
105,1,479.9,286.46,157.5,418.45,1,1,1.0
105,2,0.0,226.1,114.0,493.4599999999999,1,1,1.0
106,1,479.9,286.46,157.5,418.45,1,1,1.0
106,2,0.0,180.2,114.0,539.3599999999999,1,1,1.0
107,1,479.9,286.46,157.5,418.45,1,1,1.0
107,2,0.0,180.2,152.5,539.3599999999999,1,1,1.0
108,1,479.9,286.46,157.5,418.45,1,1,1.0
108,2,0.0,180.2,167.2,539.3599999999999,1,1,1.0
109,1,479.9,286.46,157.5,418.45,1,1,1.0
109,2,0.0,180.2,181.9,539.3599999999999,1,1,1.0
110,1,479.9,286.46,157.5,418.45,1,1,1.0
110,2,0.0,181.1,198.4,538.4599999999999,1,1,1.0
111,1,479.9,286.46,157.5,418.45,1,1,1.0
111,2,0.0,181.1,213.1,538.4599999999999,1,1,1.0
112,1,479.9,286.46,157.5,418.45,1,1,1.0
112,2,0.0,182.9,226.9,536.66,1,1,1.0
113,1,479.9,286.46,157.5,418.45,1,1,1.0
113,2,0.0,182.9,245.2,536.66,1,1,1.0
114,1,479.9,286.46,157.5,418.45,1,1,1.0
114,2,4.6,182.9,257.09999999999997,536.66,1,1,1.0
115,1,479.9,286.46,157.5,418.45,1,1,1.0
115,2,0.0,182.9,279.1,536.66,1,1,1.0
116,1,479.9,286.46,157.5,418.45,1,1,1.0
116,2,43.1,199.4,250.70000000000002,520.16,1,1,1.0
117,1,479.9,286.46,157.5,418.45,1,1,1.0
117,2,82.5,204.0,228.7,514.65,1,1,1.0
118,1,479.9,286.46,157.5,418.45,1,1,1.0
118,2,89.8,204.0,262.7,514.65,1,1,1.0
119,1,479.9,286.46,157.5,418.45,1,1,1.0
119,2,121.9,204.0,261.79999999999995,514.65,1,1,1.0
120,1,479.9,286.46,157.5,418.45,1,1,1.0
120,2,145.7,211.3,259.1,508.7,1,1,1.0
121,1,479.9,286.46,157.5,418.45,1,1,1.0
121,2,162.21,211.3,259.1,508.7,1,1,1.0
122,1,479.9,286.46,157.5,418.45,1,1,1.0
122,2,179.64,208.55,259.1,508.7,1,1,1.0
123,1,479.9,286.46,157.5,418.45,1,1,1.0
123,2,217.24,207.63,259.09999999999997,508.70000000000005,1,1,1.0
124,1,479.9,286.46,157.5,418.45,1,1,1.0
124,2,217.24,215.9,259.09999999999997,500.43000000000006,1,1,1.0
125,1,479.9,286.46,157.5,418.45,1,1,1.0
125,2,262.19,216.82,259.09999999999997,500.43,1,1,1.0
126,1,479.9,286.46,157.5,418.45,1,1,1.0
126,2,280.53,217.74,259.1,500.42999999999995,1,1,1.0
127,1,479.9,286.46,157.5,418.45,1,1,1.0
127,2,293.37,217.74,259.1,500.42999999999995,1,1,1.0
128,1,479.9,286.46,157.5,418.45,1,1,1.0
128,2,302.54,217.74,259.09999999999997,500.42999999999995,1,1,1.0
129,1,479.9,286.46,157.5,418.45,1,1,1.0
129,2,318.5,217.74,244.98000000000002,500.42999999999995,1,1,1.0
130,1,479.9,286.46,157.5,418.45,1,1,1.0
130,2,306.21,217.74,259.09999999999997,500.42999999999995,1,1,1.0
131,1,479.9,286.46,157.5,418.45,1,1,1.0
131,2,355.8,216.82,215.93,500.43,1,1,1.0
132,1,479.9,286.46,157.5,418.45,1,1,1.0
132,2,364.9,216.82,213.25,500.43,1,1,1.0
133,1,479.9,286.46,157.5,418.45,1,1,1.0
133,2,381.4,216.82,205.02999999999997,500.43,1,1,1.0
134,1,479.9,286.46,157.5,418.45,1,1,1.0
134,2,397.9,216.82,196.80000000000007,500.43,1,1,1.0
135,1,479.9,286.46,157.5,418.45,1,1,1.0
135,2,430.1,216.82,180.29999999999995,500.43,1,1,1.0
136,1,479.9,286.46,157.5,418.45,1,1,1.0
136,2,448.14,219.17,180.30000000000007,500.43000000000006,1,1,1.0
137,1,479.9,286.46,157.5,418.45,1,1,1.0
137,2,468.53,219.96,180.30000000000007,500.03999999999996,1,1,1.0
138,1,479.9,286.46,157.5,418.45,1,1,1.0
138,2,486.57,222.31,180.3,497.69,1,1,1.0
139,1,479.9,286.46,157.5,418.45,1,1,1.0
139,2,508.53,223.88,180.30000000000007,496.12,1,1,1.0
140,1,479.9,286.46,157.5,418.45,1,1,1.0
140,2,522.65,227.8,180.30000000000007,492.2,1,1,1.0
141,1,479.9,286.46,157.5,418.45,1,1,1.0
141,2,543.04,222.31,192.86,492.2,1,1,1.0
142,1,479.9,286.46,157.5,418.45,1,1,1.0
142,2,555.59,222.31,192.86,492.2,1,1,1.0
143,1,479.9,286.46,157.5,418.45,1,1,1.0
143,2,572.06,227.8,192.86,492.2,1,1,1.0
144,1,479.9,286.46,157.5,418.45,1,1,0.0
144,2,586.17,229.37,192.86,490.63,1,1,1.0
145,1,478.27,286.2,158.48000000000002,419.76000000000005,1,1,0.0
145,2,601.86,229.37,192.86,490.63,1,1,1.0
146,1,476.64,285.94,159.46000000000004,421.07,1,1,0.0
146,2,619.11,229.37,192.86,490.63,1,1,1.0
147,1,475.0,285.68,160.45000000000005,422.37999999999994,1,1,0.0
147,2,630.88,231.72,192.86,488.28,1,1,1.0
148,1,473.37,285.42,161.42999999999995,423.69,1,1,0.0
148,2,638.72,231.72,192.86,488.28,1,1,1.0
149,1,471.74,285.16,162.40999999999997,424.99999999999994,1,1,0.0
149,2,650.48,231.72,192.87,488.28,1,1,1.0
150,1,470.1,284.9,163.39999999999998,426.30000000000007,1,1,0.0
150,2,662.25,230.93,192.86,488.28000000000003,1,1,1.0
151,1,468.47,284.63,164.38,427.62,1,1,0.0
151,2,674.01,230.93,207.78999999999996,488.28000000000003,1,1,1.0
152,1,466.84,284.37,165.36000000000007,428.92999999999995,1,1,0.0
152,2,692.05,230.93,218.75,488.28000000000003,1,1,1.0
153,1,465.2,284.11,166.34999999999997,430.24,1,1,0.0
153,2,692.05,230.93,237.55000000000007,488.28000000000003,1,1,1.0
154,1,463.57,283.85,167.32999999999998,431.54999999999995,1,1,0.0
154,2,711.66,231.72,237.55000000000007,488.28,1,1,1.0
155,1,461.93,283.59,168.32,432.86000000000007,1,1,0.0
155,2,711.66,231.72,249.34000000000003,488.28,1,1,1.0
156,1,460.3,283.33,169.3,434.17,1,1,0.0
156,2,726.56,233.31,243.09000000000003,485.51000000000005,1,1,1.0
157,1,459.52,283.33,169.30000000000007,434.17,1,1,0.0
157,2,741.47,234.9,236.82999999999993,482.75,1,1,1.0
158,1,458.73,283.33,169.29999999999995,434.17,1,1,0.0
158,2,766.52,238.04,215.70000000000005,481.96000000000004,1,1,1.0
159,1,457.43,283.33,169.29000000000002,434.17,1,1,0.0
159,2,780.6,245.9,201.62,474.1,1,1,1.0
160,1,456.12,283.33,169.29999999999995,434.17,1,1,0.0
160,2,788.05,245.9,201.62,474.1,1,1,1.0
161,1,454.81,283.33,169.3,434.17,1,1,0.0
161,2,795.5,245.9,201.62,474.1,1,1,1.0
162,1,454.03,283.33,169.30000000000007,434.17,1,1,0.0
162,2,822.18,245.9,180.42000000000007,474.1,1,1,1.0
163,1,453.24,283.33,169.29999999999995,434.17,1,1,0.0
163,2,827.67,245.9,189.0200000000001,474.1,1,1,1.0
164,1,452.46,283.33,169.3,434.17,1,1,0.0
164,2,827.67,245.9,215.73000000000013,474.1,1,1,1.0
165,1,451.67,283.33,169.3,434.17,1,1,0.0
165,2,837.09,246.69,229.00999999999988,473.31,1,1,1.0
166,1,451.52,283.33,169.30000000000007,434.17,1,1,0.0
166,2,829.2,246.69,262.79999999999995,473.31,1,1,1.0
167,1,451.36,283.33,169.29999999999995,434.17,1,1,0.0
167,2,820.6,246.69,296.4999999999999,473.31,1,1,1.0
168,1,451.2,283.33,169.3,434.17,1,1,0.0
168,2,813.5,246.69,324.0,473.31,1,1,1.0
169,1,451.05,283.33,169.3,434.17,1,1,0.0
169,2,803.3,246.69,357.70000000000005,473.31,1,1,1.0
170,1,450.89,283.33,169.30000000000007,434.17,1,1,0.0
170,2,787.6,246.69,387.4999999999999,473.31,1,1,1.0
171,1,450.73,283.33,169.29999999999995,434.17,1,1,0.0
171,2,775.1,246.69,412.4999999999999,473.31,1,1,1.0
172,1,450.58,283.33,169.3,434.17,1,1,0.0
172,2,766.1,246.69,426.19999999999993,473.31,1,1,1.0
173,1,450.42,283.33,169.3,434.17,1,1,0.0
173,2,757.1,246.69,439.9,473.31,1,1,1.0
174,1,450.26,283.33,169.29999999999995,434.17,1,1,0.0
174,2,748.5,246.69,448.5,473.31,1,1,1.0
175,1,450.11,283.33,169.29999999999995,434.17,1,1,0.0
175,2,748.5,246.69,442.5,473.31,1,1,1.0
176,1,449.95,283.33,169.3,434.17,1,1,0.0
176,2,748.5,246.69,436.5,473.31,1,1,1.0
177,1,449.79,283.33,169.3,434.17,1,1,0.0
177,2,748.5,246.69,430.5,473.31,1,1,1.0
178,1,449.64,283.33,169.30000000000007,434.17,1,1,0.0
178,2,748.5,246.69,418.0,473.31,1,1,1.0
179,1,449.48,283.33,169.29999999999995,434.17,1,1,0.0
179,2,752.4,253.0,406.30000000000007,467.0,1,1,1.0
180,1,449.32,283.33,169.3,434.17,1,1,0.0
180,2,761.8,253.0,387.5,467.0,1,1,1.0
181,1,449.88,283.22,169.29999999999995,434.16999999999996,1,1,0.0
181,2,773.6,253.0,375.69999999999993,467.0,1,1,1.0
182,1,450.44,283.1,169.3,434.17999999999995,1,1,0.0
182,2,786.9,253.0,353.0000000000001,467.0,1,1,1.0
183,1,451.0,282.99,169.29999999999995,434.16999999999996,1,1,0.0
183,2,810.4,253.0,329.5000000000001,467.0,1,1,1.0
184,1,451.56,282.88,169.3,434.16999999999996,1,1,0.0
184,2,826.9,253.0,302.0000000000001,467.0,1,1,1.0
185,1,452.12,282.77,169.29999999999995,434.1700000000001,1,1,0.0
185,2,844.9,253.0,284.0000000000001,467.0,1,1,1.0
186,1,452.68,282.66,169.3,434.17,1,1,0.0
186,2,865.3,253.0,263.60000000000014,467.0,1,1,1.0
187,1,453.24,282.54,169.29999999999995,434.17,1,1,0.0
187,2,875.5,253.0,253.4000000000001,467.0,1,1,1.0
188,1,450.1,282.54,172.43999999999994,434.17,1,1,0.0
188,2,885.7,253.0,243.20000000000005,467.0,1,1,1.0
189,1,450.88,282.54,171.65999999999997,434.17,1,1,0.0
189,2,899.8,253.0,229.10000000000014,467.0,1,1,1.0
190,1,451.65,282.54,170.89,434.17,1,1,0.0
190,2,903.97,253.0,224.93000000000006,467.0,1,1,1.0
191,1,452.43,282.54,170.10999999999996,434.17,1,1,0.0
191,2,908.13,253.0,220.7700000000001,467.0,1,1,1.0
192,1,453.2,282.54,169.33999999999997,434.17,1,1,0.0
192,2,912.3,253.0,216.60000000000014,467.0,1,1,1.0
193,1,453.2,282.54,172.87000000000006,434.17,1,1,0.0
193,2,916.6,263.2,214.2499999999999,456.8,1,1,1.0
194,1,453.2,282.54,176.40000000000003,434.17,1,1,0.0
194,2,920.9,273.4,211.89999999999998,446.6,1,1,1.0
195,1,454.77,282.54,176.39999999999998,434.17,1,1,0.0
195,2,920.9,273.4,212.0200000000001,446.6,1,1,1.0
196,1,456.34,282.54,176.40000000000003,434.17,1,1,0.0
196,2,920.9,273.4,212.13,446.6,1,1,1.0
197,1,458.21,282.54,175.78000000000003,434.17,1,1,0.0
197,2,920.9,273.4,212.2500000000001,446.6,1,1,1.0
198,1,460.08,282.54,175.16000000000003,434.17,1,1,0.0
198,2,920.9,273.4,212.37,446.6,1,1,1.0
199,1,461.96,282.54,174.53000000000003,434.17,1,1,0.0
199,2,920.9,273.4,212.48000000000013,446.6,1,1,1.0
200,1,463.83,282.54,173.92000000000002,434.17,1,1,0.0
200,2,920.9,273.4,212.60000000000002,446.6,1,1,1.0
201,1,465.7,282.54,173.3,434.17,1,1,0.0
201,2,920.9,274.25,211.2500000000001,445.75,1,1,1.0
202,1,468.5,282.54,171.28999999999996,434.17,1,1,0.0
202,2,920.9,275.11,209.89,444.89,1,1,1.0
203,1,471.3,282.54,169.27000000000004,434.17,1,1,0.0
203,2,920.9,275.96,208.54000000000008,444.04,1,1,1.0
204,1,474.1,282.54,167.26,434.17,1,1,0.0
204,2,920.9,276.82,207.18999999999994,443.18,1,1,1.0
205,1,476.9,282.54,165.24,434.17,1,1,0.0
205,2,920.9,277.67,205.83000000000004,442.33,1,1,1.0
206,1,479.7,282.54,163.22999999999996,434.17,1,1,0.0
206,2,920.9,278.53,204.48000000000013,441.47,1,1,1.0
207,1,482.5,282.54,161.21000000000004,434.17,1,1,0.0
207,2,920.9,279.38,203.13,440.62,1,1,1.0
208,1,485.3,282.54,159.2,434.17,1,1,0.0
208,2,920.9,280.24,201.7700000000001,439.76,1,1,1.0
209,1,490.8,282.39,155.27000000000004,434.16999999999996,1,1,0.0
209,2,920.9,281.09,200.41999999999996,438.91,1,1,1.0
210,1,491.39,284.59,156.25,431.81,1,1,0.0
210,2,920.9,281.95,199.07000000000005,438.05,1,1,1.0
211,1,491.97,286.8,157.23000000000002,429.44,1,1,0.0
211,2,920.9,282.8,197.70999999999992,437.2,1,1,1.0
212,1,492.56,284.28,158.20999999999998,431.81000000000006,1,1,0.0
212,2,921.7,280.45,195.55999999999995,439.55,1,1,1.0
213,1,493.14,281.76,159.20000000000005,434.16999999999996,1,1,0.0
213,2,922.5,278.1,193.41000000000008,441.9,1,1,1.0
214,1,504.92,281.37,151.72999999999996,435.75,1,1,0.0
214,2,921.7,275.75,192.8499999999999,444.25,1,1,1.0
215,1,516.7,280.98,144.26999999999998,437.31999999999994,1,1,0.0
215,2,920.9,273.4,192.30000000000007,446.6,1,1,1.0
216,1,517.35,284.1,142.75,434.19999999999993,1,1,0.0
216,2,921.29,273.4,184.11000000000013,446.6,1,1,1.0
217,1,518.64,283.48,142.41999999999996,434.81999999999994,1,1,0.0
217,2,921.68,273.4,183.0200000000001,446.6,1,1,1.0
218,1,519.93,282.85,142.09000000000003,435.44999999999993,1,1,0.0
218,2,922.07,273.4,181.92999999999995,446.6,1,1,1.0
219,1,521.22,282.23,141.75,436.06999999999994,1,1,0.0
219,2,922.46,273.4,180.83999999999992,446.6,1,1,1.0
220,1,522.51,281.6,141.41999999999996,436.69999999999993,1,1,0.0
220,2,922.85,273.4,179.7499999999999,446.6,1,1,1.0
221,1,523.8,280.98,141.09000000000003,437.31999999999994,1,1,0.0
221,2,923.24,273.4,178.66000000000008,446.6,1,1,1.0
222,1,525.36,280.98,141.88,437.31999999999994,1,1,0.0
222,2,923.63,273.4,181.09000000000003,446.6,1,1,1.0
223,1,526.92,280.98,142.68000000000006,437.31999999999994,1,1,0.0
223,2,924.02,273.4,183.52999999999997,446.6,1,1,1.0
224,1,528.47,280.98,143.48000000000002,437.31999999999994,1,1,0.0
224,2,924.41,273.4,185.95999999999992,446.6,1,1,1.0
225,1,530.03,280.98,144.26999999999998,437.31999999999994,1,1,0.0
225,2,924.8,273.4,188.4000000000001,446.6,1,1,1.0
226,1,531.6,280.98,144.26999999999998,437.31999999999994,1,1,0.0
226,2,927.02,275.37,184.8800000000001,444.5,1,1,1.0
227,1,533.95,280.58,144.26999999999998,437.33,1,1,0.0
227,2,929.23,277.33,181.3699999999999,442.41,1,1,1.0
228,1,536.31,280.19,144.2700000000001,437.32,1,1,0.0
228,2,931.45,279.3,177.8499999999999,440.31,1,1,1.0
229,1,538.66,279.93,144.79000000000008,437.32,1,1,0.0
229,2,933.67,281.27,174.33000000000004,438.21000000000004,1,1,1.0
230,1,541.01,279.67,145.32000000000005,437.32,1,1,0.0
230,2,935.88,283.23,170.82000000000005,436.12,1,1,1.0
231,1,543.37,279.41,145.83000000000004,437.32,1,1,0.0
231,2,938.1,285.2,167.30000000000007,434.02000000000004,1,1,1.0
232,1,545.72,280.58,145.82999999999993,437.33,1,1,0.0
232,2,939.82,285.2,165.58000000000004,429.93,1,1,1.0
233,1,548.07,281.76,145.83999999999992,437.32000000000005,1,1,0.0
233,2,941.54,285.2,163.86000000000013,425.84999999999997,1,1,1.0
234,1,552.0,280.97,145.83000000000004,437.3299999999999,1,1,0.0
234,2,943.26,285.2,162.1400000000001,421.77000000000004,1,1,1.0
235,1,555.53,282.15,145.83000000000004,437.0,1,1,0.0
235,2,944.98,285.2,160.42000000000007,417.68,1,1,1.0
236,1,559.05,283.33,145.84000000000003,436.67,1,1,0.0
236,2,946.7,285.2,158.70000000000005,413.59999999999997,1,1,1.0
237,1,561.8,283.33,145.83000000000004,436.67,1,1,0.0
237,2,948.25,285.2,157.1500000000001,413.59999999999997,1,1,1.0
238,1,564.54,283.33,145.84000000000003,436.67,1,1,0.0
238,2,949.8,285.2,155.60000000000014,413.59999999999997,1,1,1.0
239,1,564.54,283.33,147.4000000000001,436.67,1,1,0.0
239,2,950.8,284.81,154.99,412.04,1,1,1.0
240,1,564.54,283.33,148.96000000000004,436.67,1,1,0.0
240,2,951.81,284.42,154.3800000000001,410.47999999999996,1,1,1.0
241,1,572.39,284.11,148.95000000000005,435.89,1,1,0.0
241,2,952.37,284.46,153.7700000000001,409.91,1,1,1.0
242,1,578.66,284.89,148.96000000000004,435.11,1,1,0.0
242,2,952.93,284.51,153.15999999999997,409.32000000000005,1,1,1.0
243,1,581.33,285.21,148.94999999999993,434.79,1,1,0.0
243,2,953.49,284.56,152.54999999999995,408.73999999999995,1,1,1.0
244,1,583.99,285.52,148.96000000000004,434.48,1,1,0.0
244,2,954.06,284.61,151.93000000000006,408.15999999999997,1,1,1.0
245,1,586.66,285.84,148.96000000000004,434.16,1,1,0.0
245,2,954.62,284.66,151.32000000000005,407.57,1,1,1.0
246,1,589.33,286.15,148.94999999999993,433.85,1,1,0.0
246,2,955.18,284.71,150.71000000000015,406.99000000000007,1,1,1.0
247,1,591.99,286.46,148.96000000000004,433.54,1,1,0.0
247,2,955.74,284.76,150.0999999999999,405.28999999999996,1,1,1.0
248,1,594.09,286.72,148.94999999999993,433.28,1,1,0.0
248,2,956.3,284.81,149.49,403.59,1,1,1.0
249,1,596.18,286.99,148.95000000000005,433.01,1,1,0.0
249,2,956.87,290.35,148.87,396.6,1,1,1.0
250,1,598.27,287.25,148.95000000000005,432.75,1,1,0.0
250,2,957.43,295.9,148.2700000000001,389.6,1,1,1.0
251,1,596.68,286.86,158.38,432.75,1,1,0.0
251,2,957.99,294.12,147.66000000000008,386.58000000000004,1,1,1.0
252,1,595.1,286.46,167.79999999999995,432.75000000000006,1,1,0.0
252,2,958.55,292.33,147.04999999999995,382.57,1,1,1.0
253,1,599.61,287.44,167.61,431.96999999999997,1,1,0.0
253,2,959.12,290.55,146.42999999999995,377.74999999999994,1,1,1.0
254,1,604.12,288.42,167.42999999999995,431.19,1,1,0.0
254,2,959.68,291.12,145.82000000000005,375.98,1,1,1.0
255,1,608.63,289.4,167.24,430.4,1,1,0.0
255,2,960.24,291.7,145.21000000000004,374.2,1,1,1.0
256,1,613.14,290.38,167.06000000000006,429.62,1,1,0.0
256,2,960.8,285.2,144.60000000000014,413.59999999999997,1,1,1.0
257,1,613.14,290.38,168.44000000000005,429.62,1,1,0.0
257,2,962.75,285.2,142.6500000000001,379.09999999999997,1,1,1.0
258,1,613.14,290.38,169.81000000000006,429.62,1,1,0.0
258,2,964.7,285.2,140.70000000000005,377.00000000000006,1,1,1.0
259,1,613.14,290.38,171.19000000000005,429.62,1,1,0.0
259,2,966.65,285.2,138.7500000000001,374.90000000000003,1,1,1.0
260,1,613.14,290.38,172.56000000000006,429.62,1,1,0.0
260,2,968.6,285.2,136.80000000000007,372.8,1,1,1.0
261,1,630.4,290.38,159.20000000000005,429.62,1,1,0.0
261,2,970.7,288.37,135.32999999999993,369.47,1,1,1.0
262,1,630.4,290.38,163.10000000000002,429.62,1,1,0.0
262,2,972.81,291.55,133.84000000000015,366.14000000000004,1,1,1.0
263,1,640.6,290.38,159.16999999999996,419.41999999999996,1,1,0.0
263,2,974.91,294.72,132.37,362.80999999999995,1,1,1.0
264,1,639.03,290.38,161.14,409.62,1,1,0.0
264,2,977.01,297.9,130.9000000000001,359.47,1,1,1.0
265,1,637.46,290.38,163.0999999999999,399.82000000000005,1,1,0.0
265,2,979.11,293.23,129.42999999999995,363.98,1,1,1.0
266,1,650.8,293.5,156.80000000000007,395.91999999999996,1,1,0.0
266,2,981.5,299.6,127.95000000000005,357.48,1,1,1.0
267,1,648.83,291.16,159.94999999999993,397.86999999999995,1,1,0.0
267,2,983.89,296.49,126.4799999999999,360.46000000000004,1,1,1.0
268,1,646.87,288.82,163.10000000000002,399.81,1,1,0.0
268,2,987.46,299.3,125.0,358.7,1,1,1.0
269,1,648.04,288.43,163.10000000000002,399.81,1,1,0.0
269,2,986.68,299.3,125.41999999999996,354.8,1,1,1.0
270,1,649.22,288.03,163.10000000000002,399.82000000000005,1,1,0.0
270,2,991.39,299.3,121.11000000000001,350.90000000000003,1,1,1.0
271,1,654.71,287.25,163.0999999999999,399.82000000000005,1,1,0.0
271,2,991.39,299.3,123.06000000000006,350.90000000000003,1,1,1.0
272,1,659.41,289.23,159.18000000000006,397.43999999999994,1,1,0.0
272,2,991.39,299.3,125.0100000000001,350.90000000000003,1,1,1.0
273,1,664.1,291.2,155.27999999999997,395.08,1,1,0.0
273,2,991.98,299.1,125.40000000000009,350.9,1,1,1.0
274,1,666.6,292.46,152.77999999999997,393.82,1,1,0.0
274,2,992.57,298.91,125.77999999999986,350.8999999999999,1,1,1.0
275,1,669.1,293.72,150.27999999999997,392.55999999999995,1,1,0.0
275,2,993.15,298.71,126.16999999999996,350.90000000000003,1,1,1.0
276,1,671.6,294.98,147.77999999999997,391.29999999999995,1,1,0.0
276,2,993.74,298.51,126.55999999999995,350.9,1,1,1.0
277,1,674.1,296.24,145.27999999999997,390.03999999999996,1,1,0.0
277,2,992.56,298.51,128.71000000000004,350.9,1,1,1.0
278,1,676.6,297.5,142.77999999999997,388.78,1,1,0.0
278,2,991.37,298.51,130.88,350.9,1,1,1.0
279,1,676.6,297.5,145.14,388.78,1,1,0.0
279,2,990.19,298.51,133.03999999999996,350.9,1,1,1.0
280,1,676.6,297.5,147.5,388.78,1,1,0.0
280,2,989.0,298.51,135.20000000000005,350.9,1,1,1.0
281,1,680.7,297.5,144.38,384.86,1,1,0.0
281,2,989.0,298.51,135.20000000000005,348.15,1,1,1.0
282,1,684.8,297.5,141.25,380.94000000000005,1,1,0.0
282,2,989.0,298.51,135.20000000000005,345.4,1,1,1.0
283,1,688.9,297.5,138.13,377.02,1,1,0.0
283,2,989.0,298.51,135.20000000000005,342.64,1,1,1.0
284,1,693.0,297.5,135.0,373.1,1,1,0.0
284,2,989.0,298.51,135.20000000000005,339.89,1,1,1.0
285,1,694.05,297.24,135.0,373.1,1,1,0.0
285,2,989.0,298.51,137.02999999999997,339.89,1,1,1.0
286,1,695.11,296.98,135.0,373.1,1,1,0.0
286,2,989.0,298.51,138.8699999999999,339.89,1,1,1.0
287,1,696.16,296.72,135.0,373.1,1,1,0.0
287,2,989.0,298.51,140.70000000000005,339.89,1,1,1.0
288,1,697.73,296.72,135.0,373.1,1,1,0.0
288,2,989.92,298.78,139.2600000000001,338.97,1,1,1.0
289,1,699.29,296.72,135.0,373.1,1,1,0.0
289,2,990.83,299.04,137.84000000000003,338.06,1,1,1.0
290,1,700.86,296.72,135.0,373.1,1,1,0.0
290,2,991.75,299.31,136.4000000000001,337.14000000000004,1,1,1.0
291,1,702.69,296.19,135.0,373.09999999999997,1,1,0.0
291,2,992.67,299.57,134.96000000000015,336.22999999999996,1,1,1.0
292,1,704.52,295.67,135.0,373.09999999999997,1,1,0.0
292,2,993.58,299.84,133.53999999999985,335.31,1,1,1.0
293,1,706.35,295.15,135.0,373.1,1,1,0.0
293,2,994.5,300.1,132.0999999999999,334.4,1,1,1.0
294,1,710.68,295.15,130.67000000000007,373.1,1,1,0.0
294,2,994.9,300.9,131.69999999999993,333.6,1,1,1.0
295,1,715.0,295.15,126.35000000000002,373.1,1,1,0.0
295,2,995.3,301.7,131.29999999999995,332.8,1,1,1.0
296,1,715.0,295.15,131.42999999999995,366.4200000000001,1,1,0.0
296,2,995.3,301.7,131.29999999999995,328.09999999999997,1,1,1.0
297,1,715.0,295.15,136.5,359.75,1,1,0.0
297,2,995.3,301.7,131.29999999999995,323.40000000000003,1,1,1.0
298,1,717.61,294.89,136.5,359.75,1,1,0.0
298,2,995.94,301.7,130.65999999999985,322.91,1,1,1.0
299,1,720.23,294.62,136.5,359.76,1,1,0.0
299,2,996.58,301.7,130.01999999999987,322.43,1,1,1.0
300,1,722.84,294.36,136.5,359.75,1,1,0.0
300,2,997.21,301.7,129.38999999999987,321.94,1,1,1.0
301,1,725.98,303.0,136.5,349.54999999999995,1,1,0.0
301,2,997.85,301.7,128.7499999999999,321.45,1,1,1.0
302,1,728.33,302.61,136.5,349.53999999999996,1,1,0.0
302,2,998.49,301.7,128.1099999999999,320.96,1,1,1.0
303,1,730.69,302.21,136.5,349.55,1,1,0.0
303,2,999.13,301.7,127.46999999999991,320.47999999999996,1,1,1.0
304,1,731.86,301.82,136.5,349.55,1,1,0.0
304,2,999.76,301.7,126.83999999999992,319.99000000000007,1,1,1.0
305,1,733.04,301.43,136.5,349.55,1,1,0.0
305,2,1000.4,301.7,126.19999999999993,319.50000000000006,1,1,1.0
306,1,733.82,301.43,136.5,349.55,1,1,0.0
306,2,1001.04,301.7,125.55999999999995,319.01000000000005,1,1,1.0
307,1,734.61,301.43,136.5,349.55,1,1,0.0
307,2,1001.68,301.7,124.91999999999996,318.53000000000003,1,1,1.0
308,1,736.96,301.43,136.5,349.55,1,1,0.0
308,2,1002.31,301.7,124.28999999999996,318.04,1,1,1.0
309,1,738.14,301.43,136.5,349.55,1,1,0.0
309,2,1002.95,301.7,123.64999999999986,317.55,1,1,1.0
310,1,739.31,301.43,136.5,349.55,1,1,0.0
310,2,1003.59,301.7,123.00999999999988,317.06,1,1,1.0
311,1,740.49,301.43,136.5,349.55,1,1,0.0
311,2,1004.23,301.7,122.36999999999989,316.57,1,1,1.0
312,1,741.67,301.43,136.5,349.55,1,1,0.0
312,2,1004.86,301.7,121.7399999999999,316.09,1,1,1.0
313,1,758.9,301.43,123.98000000000002,333.86999999999995,1,1,0.0
313,2,1005.5,301.7,121.09999999999991,315.59999999999997,1,1,1.0
314,1,760.2,301.43,122.67999999999995,333.86999999999995,1,1,0.0
314,2,1004.55,301.7,121.59000000000015,315.59999999999997,1,1,1.0
315,1,761.5,301.43,121.38,333.86999999999995,1,1,0.0
315,2,1003.6,301.7,122.08000000000004,315.59999999999997,1,1,1.0
316,1,762.8,301.43,120.08000000000004,333.86999999999995,1,1,0.0
316,2,1002.65,301.7,122.58000000000004,315.59999999999997,1,1,1.0
317,1,764.1,301.43,118.77999999999997,333.86999999999995,1,1,0.0
317,2,1001.7,301.7,123.06999999999994,315.59999999999997,1,1,1.0
318,1,765.4,301.43,117.48000000000002,333.86999999999995,1,1,0.0
318,2,1000.75,301.7,123.55999999999995,315.59999999999997,1,1,1.0
319,1,766.7,301.43,116.17999999999995,333.86999999999995,1,1,0.0
319,2,999.8,301.7,124.04999999999995,315.59999999999997,1,1,1.0
320,1,768.65,301.43,114.23000000000002,333.86999999999995,1,1,0.0
320,2,998.85,301.7,124.54000000000008,315.59999999999997,1,1,1.0
321,1,770.6,301.43,112.26999999999998,333.86999999999995,1,1,0.0
321,2,997.9,301.7,125.03000000000009,315.59999999999997,1,1,1.0
322,1,771.78,299.86,112.26999999999998,333.87,1,1,0.0
322,2,996.95,301.7,125.52999999999997,315.59999999999997,1,1,1.0
323,1,772.95,298.29,112.27999999999997,333.86999999999995,1,1,0.0
323,2,996.0,301.7,126.01999999999998,315.59999999999997,1,1,1.0
324,1,774.91,297.11,112.28000000000009,333.87,1,1,0.0
324,2,995.05,301.7,126.50999999999999,315.59999999999997,1,1,1.0
325,1,776.88,295.94,112.26999999999998,333.86999999999995,1,1,0.0
325,2,994.1,301.7,126.99999999999989,315.59999999999997,1,1,1.0
326,1,778.64,295.75,112.26999999999998,328.76,1,1,0.0
326,2,993.15,301.7,130.69999999999993,315.59999999999997,1,1,1.0
327,1,780.4,295.57,112.27999999999997,323.63000000000005,1,1,0.0
327,2,992.2,301.7,134.39999999999986,315.59999999999997,1,1,1.0
328,1,782.17,295.38,112.2700000000001,318.52,1,1,0.0
328,2,978.87,298.56,134.39999999999998,315.59999999999997,1,1,1.0
329,1,783.93,295.2,112.28000000000009,313.40000000000003,1,1,0.0
329,2,973.77,296.01,134.4000000000001,315.6,1,1,1.0
330,1,785.11,295.0,112.26999999999998,313.4,1,1,0.0
330,2,968.67,293.46,134.39999999999998,315.59999999999997,1,1,1.0
331,1,786.29,294.81,112.26999999999998,313.40000000000003,1,1,0.0
331,2,963.58,290.91,134.39999999999998,315.60999999999996,1,1,1.0
332,1,787.46,294.61,112.27999999999997,313.4,1,1,0.0
332,2,958.48,288.37,134.4000000000001,315.6,1,1,1.0
333,1,788.64,294.41,112.26999999999998,313.3999999999999,1,1,0.0
333,2,958.09,308.0,133.7399999999999,295.97,1,1,1.0
334,1,789.81,294.41,112.28000000000009,313.3999999999999,1,1,0.0
334,2,957.69,304.07,133.0999999999999,299.90000000000003,1,1,1.0
335,1,790.99,294.41,112.26999999999998,313.3999999999999,1,1,0.0
335,2,957.3,300.15,132.44000000000005,303.82000000000005,1,1,1.0
336,1,792.56,294.41,112.2700000000001,313.3999999999999,1,1,0.0
336,2,956.91,296.22,131.7800000000001,307.75,1,1,1.0
337,1,794.13,294.41,112.26999999999998,313.3999999999999,1,1,0.0
337,2,956.52,292.29,131.1300000000001,311.68,1,1,1.0
338,1,796.74,294.41,112.27999999999997,313.3999999999999,1,1,0.0
338,2,956.12,288.37,130.4799999999999,315.6,1,1,1.0
339,1,799.35,294.41,112.27999999999997,313.3999999999999,1,1,0.0
339,2,957.42,294.91,124.48000000000013,309.06,1,1,1.0
340,1,801.97,294.41,112.26999999999998,313.3999999999999,1,1,0.0
340,2,958.71,301.46,118.49000000000001,302.51000000000005,1,1,1.0
341,1,807.5,302.3,110.70000000000005,305.50999999999993,1,1,0.0
341,2,960.0,308.0,112.5,295.97,1,1,1.0
342,1,809.85,301.52,110.69999999999993,305.51,1,1,0.0
342,2,960.4,308.0,107.39999999999998,290.48,1,1,1.0
343,1,810.9,301.52,110.70000000000005,305.51,1,1,0.0
343,2,960.8,308.0,102.29999999999995,285.0,1,1,1.0
344,1,811.95,301.52,110.69999999999993,305.51,1,1,0.0
344,2,960.0,308.0,101.0,285.0,1,1,1.0
345,1,812.99,301.52,110.70000000000005,305.51,1,1,0.0
345,2,959.2,308.0,99.70000000000005,285.0,1,1,1.0
346,1,813.62,301.2,110.70000000000005,305.52000000000004,1,1,0.0
346,2,958.4,308.0,98.39999999999998,285.0,1,1,1.0
347,1,814.25,300.89,110.70000000000005,305.51,1,1,0.0
347,2,956.04,308.0,98.40000000000009,285.0,1,1,1.0
348,1,814.87,300.57,110.70000000000005,305.52000000000004,1,1,0.0
348,2,952.12,308.0,98.39999999999998,285.0,1,1,1.0
349,1,815.5,300.26,110.70000000000005,305.52,1,1,0.0
349,2,950.55,307.21,98.40000000000009,285.00000000000006,1,1,1.0
350,1,816.13,299.95,110.70000000000005,305.51000000000005,1,1,0.0
350,2,946.63,306.43,98.39999999999998,284.99999999999994,1,1,1.0
351,1,816.25,299.95,110.58000000000004,305.51000000000005,1,1,0.0
351,2,939.57,306.43,98.39999999999998,284.99999999999994,1,1,1.0
352,1,816.37,299.95,110.46000000000004,305.51000000000005,1,1,0.0
352,2,932.52,305.65,98.40000000000009,285.0,1,1,1.0
353,1,816.48,299.95,110.35000000000002,305.51000000000005,1,1,0.0
353,2,927.03,305.65,98.40000000000009,285.0,1,1,1.0
354,1,816.6,299.95,110.23000000000002,305.51000000000005,1,1,0.0
354,2,924.67,304.86,98.40000000000009,285.0,1,1,1.0
355,1,816.72,299.95,110.11000000000001,305.51000000000005,1,1,0.0
355,2,925.5,304.08,99.1400000000001,285.00000000000006,1,1,1.0
356,1,816.84,299.95,109.99000000000001,305.51000000000005,1,1,0.0
356,2,920.0,304.08,88.20000000000005,285.00000000000006,1,1,1.0
357,1,816.96,299.95,109.87,305.51000000000005,1,1,0.0
357,2,920.0,304.08,83.10000000000002,285.00000000000006,1,1,1.0
358,1,817.08,299.95,109.75,305.51000000000005,1,1,0.0
358,2,920.0,304.08,78.0,285.00000000000006,1,1,1.0
359,1,817.2,299.95,109.63,305.51000000000005,1,1,0.0
359,2,920.0,304.08,75.60000000000002,285.00000000000006,1,1,1.0
360,1,817.31,299.95,109.5200000000001,305.51000000000005,1,1,0.0
360,2,914.5,304.08,78.0,285.00000000000006,1,1,1.0
361,1,817.43,299.95,109.40000000000009,305.51000000000005,1,1,0.0
361,2,909.8,301.46,79.30000000000007,285.00000000000006,1,1,1.0
362,1,817.55,299.95,109.28000000000009,305.51000000000005,1,1,0.0
362,2,905.1,298.85,80.60000000000002,285.0,1,1,1.0
363,1,817.67,299.95,109.16000000000008,305.51000000000005,1,1,0.0
363,2,900.39,296.23,81.90999999999997,285.0,1,1,1.0
364,1,817.79,299.95,109.04000000000008,305.51000000000005,1,1,0.0
364,2,900.39,296.23,72.50999999999999,285.0,1,1,1.0
365,1,817.91,299.95,108.92000000000007,305.51000000000005,1,1,0.0
365,2,900.39,296.23,61.50999999999999,285.0,1,1,1.0
366,1,818.03,299.95,108.80000000000007,305.51000000000005,1,1,0.0
366,2,900.39,296.23,59.90999999999997,285.0,1,1,1.0
367,1,818.14,299.95,108.69000000000005,305.51000000000005,1,1,0.0
367,2,900.39,296.23,54.40999999999997,285.0,1,1,1.0
368,1,818.26,299.95,108.57000000000005,305.51000000000005,1,1,0.0
368,2,900.39,296.23,52.00999999999999,285.0,1,1,1.0
369,1,818.38,299.95,108.45000000000005,305.51000000000005,1,1,0.0
369,2,900.39,296.23,50.40999999999997,285.0,1,1,1.0
370,1,818.5,299.95,108.33000000000004,305.51000000000005,1,1,0.0
370,2,901.24,296.06,50.40999999999997,284.99999999999994,1,1,1.0
371,1,818.5,299.95,111.35000000000002,302.82,1,1,0.0
371,2,902.09,295.88,50.40999999999997,285.0,1,1,1.0
372,1,818.5,299.95,114.38,300.12000000000006,1,1,0.0
372,2,902.94,295.71,50.39999999999998,285.00000000000006,1,1,1.0
373,1,818.5,299.95,117.39999999999998,297.43,1,1,0.0
373,2,903.78,295.54,50.41000000000008,284.99999999999994,1,1,1.0
374,1,818.5,299.95,120.42999999999995,294.72999999999996,1,1,0.0
374,2,904.63,295.36,50.40999999999997,285.0,1,1,1.0
375,1,818.5,299.95,123.45000000000005,292.04,1,1,0.0
375,2,905.48,295.19,50.40999999999997,285.00000000000006,1,1,1.0
376,1,818.5,299.95,126.48000000000002,289.34,1,1,0.0
376,2,906.33,295.01,50.39999999999998,285.0,1,1,1.0
377,1,818.5,299.95,129.5,286.65000000000003,1,1,0.0
377,2,907.17,294.84,50.41000000000008,285.00000000000006,1,1,1.0
378,1,826.87,299.95,129.5,286.65000000000003,1,1,0.0
378,2,908.02,294.66,50.40999999999997,284.99999999999994,1,1,1.0
379,1,827.78,299.95,129.5,286.65000000000003,1,1,0.0
379,2,908.13,295.45,50.40999999999997,285.00000000000006,1,1,1.0
380,1,828.7,299.95,129.5,286.65000000000003,1,1,0.0
380,2,908.24,296.23,50.39999999999998,285.0,1,1,1.0
381,1,825.71,299.95,129.5,286.65000000000003,1,1,0.0
381,2,913.73,293.88,59.26999999999998,285.0,1,1,1.0
382,1,821.64,299.95,129.5,286.65000000000003,1,1,0.0
382,2,919.22,291.53,60.57999999999993,285.0,1,1,1.0
383,1,825.17,299.55,129.5,286.66,1,1,0.0
383,2,924.31,291.13,64.12,285.0,1,1,1.0
384,1,828.7,299.16,129.5,286.6499999999999,1,1,0.0
384,2,929.4,290.74,67.65999999999997,285.0,1,1,1.0
385,1,842.7,297.2,113.13999999999999,286.65000000000003,1,1,0.0
385,2,929.4,304.07,70.38,271.67,1,1,1.0
386,1,846.9,306.1,110.39999999999998,276.34000000000003,1,1,0.0
386,2,929.4,317.4,73.10000000000002,258.34000000000003,1,1,1.0
387,1,846.05,307.2,109.34000000000003,274.96999999999997,1,1,0.0
387,2,929.4,318.8,74.30000000000007,256.94,1,1,1.0
388,1,845.2,308.3,108.28999999999996,273.59,1,1,0.0
388,2,929.4,319.1,75.5,256.64,1,1,1.0
389,1,849.37,306.43,108.17999999999995,275.46,1,1,0.0
389,2,936.46,317.4,75.5,238.20000000000005,1,1,1.0
390,1,853.55,304.57,108.06000000000006,277.32,1,1,0.0
390,2,945.7,312.5,71.79999999999995,239.79999999999995,1,1,1.0
391,1,857.72,302.7,107.94999999999993,279.19,1,1,0.0
391,2,948.4,314.7,73.0,240.90000000000003,1,1,1.0
392,1,861.9,300.84,107.84000000000003,281.05,1,1,0.0
392,2,949.5,313.1,75.79999999999995,241.89999999999998,1,1,1.0
393,1,866.34,299.25,107.73000000000002,282.91999999999996,1,1,0.0
393,2,950.1,310.3,79.89999999999998,244.7,1,1,1.0
394,1,870.79,297.65,107.61000000000001,284.7900000000001,1,1,0.0
394,2,950.6,306.5,84.10000000000002,253.39999999999998,1,1,1.0
395,1,868.7,305.0,107.5,276.89,1,1,0.0
395,2,936.46,308.2,102.13999999999987,247.90000000000003,1,1,1.0
396,1,868.86,304.84,107.5,276.90000000000003,1,1,0.0
396,2,960.4,308.2,80.89999999999998,241.90000000000003,1,1,1.0
397,1,869.01,304.69,107.5,276.89000000000004,1,1,0.0
397,2,960.4,308.2,85.80000000000007,241.90000000000003,1,1,1.0
398,1,869.17,304.53,107.5,276.9,1,1,0.0
398,2,960.4,308.2,89.60000000000002,241.90000000000003,1,1,1.0
399,1,869.32,304.38,107.5,276.89,1,1,0.0
399,2,960.4,308.2,93.39999999999998,241.90000000000003,1,1,1.0
400,1,869.48,304.22,107.5,276.9,1,1,0.0
400,2,966.9,308.2,86.89999999999998,241.90000000000003,1,1,1.0
401,1,869.64,304.07,107.5,276.89000000000004,1,1,0.0
401,2,968.81,307.66,86.90000000000009,241.89999999999992,1,1,1.0
402,1,869.79,303.91,107.5,276.8999999999999,1,1,0.0
402,2,970.71,307.11,86.89999999999986,241.89999999999998,1,1,1.0
403,1,871.42,303.91,107.5,276.8999999999999,1,1,0.0
403,2,976.7,306.57,86.89999999999986,241.90000000000003,1,1,1.0
404,1,873.06,303.91,107.5,276.8999999999999,1,1,0.0
404,2,977.79,306.57,86.90000000000009,241.90000000000003,1,1,1.0
405,1,873.6,303.64,107.5,276.89,1,1,0.0
405,2,979.42,305.48,91.78000000000009,241.89999999999998,1,1,1.0
406,1,874.15,303.37,107.5,276.89,1,1,0.0
406,2,979.79,305.48,91.76999999999998,241.89999999999998,1,1,1.0
407,1,874.69,303.37,107.5,276.89,1,1,0.0
407,2,980.15,305.48,91.78000000000009,241.89999999999998,1,1,1.0
408,1,875.23,303.37,107.5,276.89,1,1,0.0
408,2,980.51,305.48,91.77999999999997,241.89999999999998,1,1,1.0
409,1,875.54,303.37,107.19000000000005,276.89,1,1,0.0
409,2,980.51,305.48,93.42000000000007,241.89999999999998,1,1,1.0
410,1,875.85,303.37,106.88,276.89,1,1,0.0
410,2,980.51,305.48,95.04999999999995,241.89999999999998,1,1,1.0
411,1,876.15,303.37,106.58000000000004,276.89,1,1,0.0
411,2,980.51,305.48,96.69000000000005,241.89999999999998,1,1,1.0
412,1,876.46,303.37,106.26999999999998,276.89,1,1,0.0
412,2,980.51,305.48,97.38000000000011,241.89999999999998,1,1,1.0
413,1,876.77,303.37,105.96000000000004,276.89,1,1,0.0
413,2,980.51,305.48,98.06999999999994,241.89999999999998,1,1,1.0
414,1,877.07,303.37,105.65999999999997,276.89,1,1,0.0
414,2,980.51,305.48,98.75999999999999,241.89999999999998,1,1,1.0
415,1,877.38,303.37,105.35000000000002,276.89,1,1,0.0
415,2,980.51,305.48,99.45000000000005,241.89999999999998,1,1,1.0
416,1,877.69,303.37,105.03999999999996,276.89,1,1,0.0
416,2,980.51,305.48,100.1400000000001,241.89999999999998,1,1,1.0
417,1,877.99,303.37,104.74000000000001,276.89,1,1,0.0
417,2,980.51,305.48,100.82999999999993,241.89999999999998,1,1,1.0
418,1,878.3,303.37,104.43000000000006,276.89,1,1,0.0
418,2,980.51,305.48,101.51999999999998,241.89999999999998,1,1,1.0
419,1,878.61,303.37,104.12,276.89,1,1,0.0
419,2,980.51,305.48,102.21000000000004,241.89999999999998,1,1,1.0
420,1,878.91,303.37,103.82000000000005,276.89,1,1,0.0
420,2,980.51,305.48,102.90000000000009,241.89999999999998,1,1,1.0
421,1,879.22,303.37,103.50999999999999,276.89,1,1,0.0
421,2,980.51,305.48,103.57999999999993,241.89999999999998,1,1,1.0
422,1,879.53,303.37,103.20000000000005,276.89,1,1,0.0
422,2,980.51,305.48,104.26999999999998,241.89999999999998,1,1,1.0
423,1,879.83,303.37,102.89999999999998,276.89,1,1,0.0
423,2,980.51,305.48,104.96000000000004,241.89999999999998,1,1,1.0
424,1,880.14,303.37,102.59000000000003,276.89,1,1,0.0
424,2,980.51,305.48,105.65000000000009,241.89999999999998,1,1,1.0
425,1,880.45,303.37,102.27999999999997,276.89,1,1,0.0
425,2,980.51,305.48,106.33999999999992,241.89999999999998,1,1,1.0
426,1,880.75,303.37,101.98000000000002,276.89,1,1,0.0
426,2,980.51,305.48,107.02999999999997,241.89999999999998,1,1,1.0
427,1,881.06,303.37,101.67000000000007,276.89,1,1,0.0
427,2,980.51,305.48,107.72000000000003,241.89999999999998,1,1,1.0
428,1,881.37,303.37,101.36000000000001,276.89,1,1,0.0
428,2,980.51,305.48,108.41000000000008,241.89999999999998,1,1,1.0
429,1,881.67,303.37,101.06000000000006,276.89,1,1,0.0
429,2,980.51,305.48,109.09999999999991,241.89999999999998,1,1,1.0
430,1,881.98,303.37,100.75,276.89,1,1,0.0
430,2,980.51,305.48,109.78999999999996,241.89999999999998,1,1,1.0
431,1,882.29,303.37,100.44000000000005,276.89,1,1,0.0
431,2,985.24,305.3,105.59999999999991,241.89000000000004,1,1,1.0
432,1,882.59,303.37,100.13999999999999,276.89,1,1,0.0
432,2,989.97,305.11,101.42000000000007,241.89999999999998,1,1,1.0
433,1,882.9,303.37,99.83000000000004,276.89,1,1,0.0
433,2,994.7,304.93,97.23000000000002,241.90000000000003,1,1,1.0
434,1,883.72,302.69,99.82999999999993,276.89000000000004,1,1,0.0
434,2,997.53,304.93,97.24000000000001,241.90000000000003,1,1,1.0
435,1,884.53,302.01,99.84000000000003,276.89,1,1,0.0
435,2,1000.36,304.93,97.2399999999999,241.90000000000003,1,1,1.0
436,1,885.35,301.33,99.84000000000003,276.89000000000004,1,1,0.0
436,2,1003.2,304.93,97.23000000000002,241.90000000000003,1,1,1.0
437,1,886.17,300.64,99.83000000000004,276.9,1,1,0.0
437,2,1006.03,304.93,97.23000000000002,241.90000000000003,1,1,1.0
438,1,888.89,300.1,99.83000000000004,267.1,1,1,0.0
438,2,1008.86,304.93,97.2399999999999,241.90000000000003,1,1,1.0
439,1,891.61,300.1,99.84000000000003,267.1,1,1,0.0
439,2,1009.77,304.39,99.75999999999999,241.89999999999998,1,1,1.0
440,1,894.34,300.1,99.82999999999993,267.1,1,1,0.0
440,2,1010.69,303.85,102.27999999999997,241.89,1,1,1.0
441,1,893.79,300.1,99.84000000000003,267.1,1,1,0.0
441,2,1011.6,303.3,104.80000000000007,241.90000000000003,1,1,1.0
442,1,895.43,301.46,99.83000000000004,265.2,1,1,0.0
442,2,1011.6,306.3,109.94999999999993,240.8,1,1,1.0
443,1,899.24,302.81,99.83000000000004,263.3,1,1,0.0
443,2,1011.6,309.3,115.10000000000002,239.7,1,1,1.0
444,1,898.51,303.54,99.84000000000003,263.3,1,1,0.0
444,2,1014.32,306.75,115.10000000000002,240.44000000000005,1,1,1.0
445,1,900.24,302.9,99.83000000000004,263.30000000000007,1,1,0.0
445,2,1017.05,304.21,115.10000000000014,241.17000000000002,1,1,1.0
446,1,901.96,302.27,99.83999999999992,263.30000000000007,1,1,0.0
446,2,1019.77,301.67,115.09999999999991,241.88999999999993,1,1,1.0
447,1,902.33,302.27,99.82999999999993,263.30000000000007,1,1,0.0
447,2,1021.95,303.48,115.09999999999991,241.89999999999998,1,1,1.0
448,1,902.69,302.27,99.82999999999993,263.30000000000007,1,1,0.0
448,2,1024.13,305.3,115.09999999999991,241.90000000000003,1,1,1.0
449,1,903.05,302.27,99.84000000000003,263.30000000000007,1,1,0.0
449,2,1026.3,307.11,115.11000000000013,241.89999999999998,1,1,1.0
450,1,907.68,302.27,95.21000000000004,263.30000000000007,1,1,0.0
450,2,1027.36,307.08,113.98000000000002,241.90000000000003,1,1,1.0
451,1,912.3,302.27,90.59000000000003,263.30000000000007,1,1,0.0
451,2,1028.42,307.05,112.8599999999999,241.90000000000003,1,1,1.0
452,1,913.43,301.89,90.58000000000004,263.30000000000007,1,1,0.0
452,2,1029.48,307.02,111.74000000000001,241.89999999999998,1,1,1.0
453,1,914.56,301.51,90.58000000000004,263.29999999999995,1,1,0.0
453,2,1030.54,306.99,110.62000000000012,241.89999999999998,1,1,1.0
454,1,915.69,301.14,90.57999999999993,263.30000000000007,1,1,0.0
454,2,1031.6,306.96,109.5,241.90000000000003,1,1,1.0
455,1,916.82,300.76,90.57999999999993,263.29999999999995,1,1,0.0
455,2,1032.66,306.93,108.37999999999988,241.90000000000003,1,1,1.0
456,1,917.95,300.38,90.57999999999993,263.29999999999995,1,1,0.0
456,2,1033.72,306.9,107.25999999999999,241.89999999999998,1,1,1.0
457,1,919.58,300.47,90.58999999999992,263.29999999999995,1,1,0.0
457,2,1034.78,306.87,106.1400000000001,241.89999999999998,1,1,1.0
458,1,921.22,300.56,90.57999999999993,263.3,1,1,0.0
458,2,1035.84,306.84,105.01999999999998,241.90000000000003,1,1,1.0
459,1,922.85,300.66,90.59000000000003,263.3,1,1,0.0
459,2,1036.9,306.81,103.89999999999986,241.90000000000003,1,1,1.0
460,1,924.49,300.75,90.58000000000004,263.29999999999995,1,1,0.0
460,2,1037.96,306.78,102.77999999999997,241.89999999999998,1,1,1.0
461,1,926.12,300.84,90.58000000000004,263.3,1,1,0.0
461,2,1039.02,306.75,101.66000000000008,241.89999999999998,1,1,1.0
462,1,928.68,300.84,88.33000000000004,263.3,1,1,0.0
462,2,1040.08,306.72,100.53999999999996,241.89999999999998,1,1,1.0
463,1,931.24,300.84,86.06999999999994,263.3,1,1,0.0
463,2,1041.14,306.69,99.41999999999985,241.90000000000003,1,1,1.0
464,1,933.8,300.84,83.81000000000006,263.3,1,1,0.0
464,2,1042.2,306.66,98.29999999999995,241.89999999999992,1,1,1.0
465,1,935.62,300.61,83.79999999999995,263.29999999999995,1,1,0.0
465,2,1043.55,306.66,96.95000000000005,241.89999999999992,1,1,1.0
466,1,937.43,300.38,83.81000000000006,263.29999999999995,1,1,0.0
466,2,1044.9,306.66,95.59999999999991,241.89999999999992,1,1,1.0
467,1,938.67,300.38,83.59000000000003,263.29999999999995,1,1,0.0
467,2,1047.17,306.66,93.32999999999993,237.82,1,1,1.0
468,1,939.92,300.38,83.35000000000002,263.29999999999995,1,1,0.0
468,2,1049.45,306.66,91.04999999999995,233.72999999999996,1,1,1.0
469,1,941.16,300.38,83.13,263.29999999999995,1,1,0.0
469,2,1051.72,306.66,88.77999999999997,229.64999999999992,1,1,1.0
470,1,942.4,300.38,82.89999999999998,263.29999999999995,1,1,0.0
470,2,1054.0,306.66,86.5,225.57,1,1,1.0
471,1,943.76,300.38,82.90000000000009,263.29999999999995,1,1,0.0
471,2,1056.27,306.66,84.23000000000002,221.48999999999995,1,1,1.0
472,1,945.12,300.38,82.89999999999998,263.29999999999995,1,1,0.0
472,2,1058.55,306.66,81.95000000000005,217.39999999999992,1,1,1.0
473,1,945.12,301.51,84.37,260.03,1,1,0.0
473,2,1060.82,306.66,79.68000000000006,213.32,1,1,1.0
474,1,945.12,302.64,85.84000000000003,256.75,1,1,0.0
474,2,1063.1,306.66,77.40000000000009,209.23999999999995,1,1,1.0
475,1,945.12,303.77,87.31000000000006,253.48000000000002,1,1,0.0
475,2,1066.3,303.48,74.20000000000005,212.41999999999996,1,1,1.0
476,1,945.12,304.9,88.78000000000009,250.20000000000005,1,1,0.0
476,2,1069.5,300.3,71.0,215.59999999999997,1,1,1.0
477,1,945.12,304.9,91.64999999999998,250.20000000000005,1,1,0.0
477,2,1070.75,300.3,69.75,215.59999999999997,1,1,1.0
478,1,945.12,304.9,94.5100000000001,250.20000000000005,1,1,0.0
478,2,1072.0,300.3,68.5,215.59999999999997,1,1,1.0
479,1,945.12,304.9,97.38,250.20000000000005,1,1,0.0
479,2,1073.25,300.3,67.25,215.59999999999997,1,1,1.0
480,1,954.2,304.9,88.29999999999995,250.20000000000005,1,1,0.0
480,2,1074.5,300.3,66.0,215.59999999999997,1,1,1.0
481,1,956.7,304.9,93.5,250.20000000000005,1,1,0.0
481,2,1077.1,300.3,63.40000000000009,215.59999999999997,1,1,1.0
482,1,959.2,304.9,98.70000000000005,250.20000000000005,1,1,0.0
482,2,1079.7,300.3,60.799999999999955,215.59999999999997,1,1,1.0
483,1,959.2,304.9,109.39999999999986,250.20000000000005,1,1,0.0
483,2,1082.3,300.3,58.200000000000045,215.59999999999997,1,1,1.0
484,1,959.2,304.9,115.5,250.20000000000005,1,1,0.0
484,2,1084.9,300.3,55.59999999999991,215.59999999999997,1,1,1.0
485,1,966.0,312.2,117.79999999999995,229.7,1,1,0.0
485,2,1084.9,311.2,55.59999999999991,204.7,1,1,1.0
486,1,967.82,311.97,117.79999999999984,229.69999999999993,1,1,0.0
486,2,1085.85,311.2,54.65000000000009,204.7,1,1,1.0
487,1,969.63,311.74,117.80000000000007,229.70000000000005,1,1,0.0
487,2,1086.8,311.2,53.700000000000045,204.7,1,1,1.0
488,1,970.9,311.74,117.80000000000007,229.70000000000005,1,1,0.0
488,2,1087.75,311.2,52.75,204.7,1,1,1.0
489,1,972.17,311.74,117.80000000000007,229.70000000000005,1,1,0.0
489,2,1088.7,311.2,51.799999999999955,204.7,1,1,1.0
490,1,973.44,311.74,117.79999999999995,229.70000000000005,1,1,0.0
490,2,1089.65,311.2,50.84999999999991,204.7,1,1,1.0
491,1,974.71,311.74,117.79999999999995,229.70000000000005,1,1,0.0
491,2,1090.6,311.2,49.90000000000009,204.7,1,1,1.0
492,1,975.98,311.74,117.79999999999995,229.70000000000005,1,1,0.0
493,1,978.71,311.74,117.79999999999995,229.70000000000005,1,1,0.0
494,1,984.15,311.74,112.36000000000001,229.70000000000005,1,1,0.0
495,1,989.58,311.74,106.92999999999995,229.70000000000005,1,1,0.0
495,2,1094.4,311.2,46.09999999999991,204.7,1,1,1.0
496,1,995.02,311.74,101.49000000000001,229.70000000000005,1,1,0.0
496,2,1094.31,311.17,46.049999999999955,204.7,1,1,1.0
497,1,1000.46,311.74,96.04999999999995,229.70000000000005,1,1,0.0
497,2,1094.23,311.15,46.0,204.70000000000005,1,1,1.0
498,1,1005.9,311.74,90.61000000000001,229.70000000000005,1,1,0.0
498,2,1094.14,311.12,45.94999999999982,204.70000000000005,1,1,1.0
499,1,1009.53,311.29,90.61000000000013,229.7,1,1,0.0
499,2,1094.06,311.1,45.8900000000001,204.69999999999993,1,1,1.0
500,1,1013.16,310.84,90.61000000000001,229.7,1,1,0.0
500,2,1093.97,311.07,45.84999999999991,204.7,1,1,1.0
501,1,1016.79,311.74,90.61000000000013,229.70000000000005,1,1,0.0
501,2,1093.89,311.04,45.789999999999964,204.70999999999998,1,1,1.0
502,1,1027.7,311.29,81.97000000000003,229.7,1,1,0.0
502,2,1093.8,311.02,45.75,204.70000000000005,1,1,1.0
503,1,1028.05,311.29,81.62000000000012,229.7,1,1,0.0
504,1,1028.4,311.29,81.26999999999998,229.7,1,1,0.0
505,1,1028.75,311.29,80.92000000000007,229.7,1,1,0.0
506,1,1029.1,311.29,80.57000000000016,229.7,1,1,0.0
507,1,1034.5,311.29,75.17000000000007,229.7,1,1,0.0
508,1,1035.1,311.29,74.57000000000016,229.7,1,1,0.0
509,1,1035.7,311.29,73.97000000000003,229.7,1,1,0.0
510,1,1036.3,311.29,73.37000000000012,229.7,1,1,0.0
511,1,1037.65,311.29,72.01999999999998,229.7,1,1,0.0
512,1,1039.0,311.29,70.67000000000007,229.7,1,1,0.0
513,1,1041.43,311.29,68.24000000000001,229.7,1,1,0.0
514,1,1043.87,311.29,65.80000000000018,229.7,1,1,0.0
515,1,1046.3,311.29,63.37000000000012,229.7,1,1,0.0
516,1,1046.75,311.29,62.92000000000007,229.7,1,1,0.0
517,1,1047.2,311.29,62.47000000000003,229.7,1,1,0.0
518,1,1047.58,311.29,62.090000000000146,229.7,1,1,0.0
519,1,1047.97,311.29,61.700000000000045,229.7,1,1,0.0
520,1,1048.35,311.29,61.320000000000164,229.7,1,1,0.0
521,1,1048.73,311.29,60.940000000000055,229.7,1,1,0.0
522,1,1049.12,311.29,60.55000000000018,229.7,1,1,0.0
523,1,1049.5,311.29,60.17000000000007,229.7,1,1,0.0
524,1,1049.93,311.29,59.74000000000001,229.7,1,1,0.0
525,1,1050.37,311.29,59.30000000000018,229.7,1,1,0.0
526,1,1050.8,311.29,58.87000000000012,229.7,1,1,0.0
527,1,1051.34,311.29,58.330000000000155,229.7,1,1,0.0
528,1,1051.88,311.29,57.789999999999964,229.7,1,1,0.0
529,1,1052.42,311.29,57.25,229.7,1,1,0.0
530,1,1052.96,311.29,56.710000000000036,229.7,1,1,0.0
531,1,1053.5,311.29,56.17000000000007,229.7,1,1,0.0
532,1,1054.57,311.29,55.100000000000136,229.7,1,1,0.0
533,1,1055.63,311.29,54.039999999999964,229.7,1,1,0.0
534,1,1056.7,311.29,52.97000000000003,229.7,1,1,0.0
535,1,1056.52,310.47,52.97000000000003,215.01999999999998,1,1,0.0
536,1,1056.34,309.66,52.97000000000003,200.33999999999997,1,1,0.0
537,1,1056.16,308.84,52.95999999999981,195.76000000000005,1,1,0.0
538,1,1055.97,308.02,52.97000000000003,195.93,1,1,0.0
539,1,1055.79,307.21,52.97000000000003,196.09000000000003,1,1,0.0
540,1,1055.79,307.21,50.0,196.09000000000003,1,1,0.0
541,1,1055.79,307.21,47.039999999999964,196.09000000000003,1,1,0.0
542,1,1055.79,307.21,44.069999999999936,196.09000000000003,1,1,0.0
543,1,1055.79,307.21,41.11000000000013,196.09000000000003,1,1,0.0
544,1,1055.79,307.21,38.1400000000001,196.09000000000003,1,1,0.0
545,1,1055.79,307.21,35.17000000000007,196.09000000000003,1,1,0.0
546,1,1055.79,307.21,32.210000000000036,196.09000000000003,1,1,0.0
547,1,1055.79,307.21,29.24000000000001,196.09000000000003,1,1,0.0
548,1,1055.79,307.21,26.269999999999982,196.09000000000003,1,1,0.0
549,1,1055.79,307.21,23.309999999999945,196.09000000000003,1,1,0.0
550,1,1055.79,307.21,20.340000000000146,196.09000000000003,1,1,0.0
551,1,1055.79,307.21,17.38000000000011,196.09000000000003,1,1,0.0
552,1,1055.79,307.21,14.410000000000082,196.09000000000003,1,1,0.0
671,2,1079.4,306.66,37.09999999999991,204.7,1,1,1.0
672,2,1077.86,306.66,38.6400000000001,204.7,1,1,1.0
673,2,1076.32,306.66,40.180000000000064,204.7,1,1,1.0
674,2,1074.78,306.66,41.72000000000003,204.7,1,1,1.0
675,2,1073.24,306.66,43.25999999999999,204.7,1,1,1.0
676,2,1071.7,306.66,44.799999999999955,204.7,1,1,1.0
677,2,1068.75,306.77,47.40000000000009,203.68,1,1,1.0
678,2,1065.8,306.88,50.0,202.67000000000002,1,1,1.0
679,2,1062.85,306.99,52.600000000000136,201.64999999999998,1,1,1.0
680,2,1059.9,307.1,55.19999999999982,200.63,1,1,1.0
681,2,1049.63,308.77,68.93999999999983,211.35000000000002,1,1,1.0
682,2,1039.37,310.43,82.66000000000008,222.07999999999998,1,1,1.0
683,2,1029.1,312.1,96.40000000000009,232.79999999999995,1,1,1.0
684,2,1029.1,314.97,96.40000000000009,234.45999999999992,1,1,1.0
685,2,1029.1,317.83,96.40000000000009,236.14000000000004,1,1,1.0
686,1,1068.99,294.5,59.299999999999955,53.0,1,1,0.0
686,2,1029.1,320.7,96.40000000000009,237.8,1,1,1.0
687,1,1069.74,294.5,58.799999999999955,64.5,1,1,0.0
687,2,1027.18,321.05,96.39999999999986,237.8,1,1,1.0
688,1,1070.5,294.5,58.299999999999955,76.0,1,1,0.0
688,2,1025.27,321.41,96.40000000000009,237.8,1,1,1.0
689,1,1071.26,294.5,57.799999999999955,87.5,1,1,0.0
689,2,1023.35,321.76,96.39999999999998,237.79999999999995,1,1,1.0
690,1,1072.01,294.5,57.299999999999955,99.0,1,1,0.0
690,2,1021.43,322.11,96.39999999999998,237.79999999999995,1,1,1.0
691,1,1072.77,294.5,56.799999999999955,110.5,1,1,0.0
691,2,1019.52,322.47,96.40000000000009,237.79999999999995,1,1,1.0
692,1,1073.53,294.5,56.299999999999955,122.0,1,1,0.0
692,2,1017.6,322.82,96.39999999999998,237.8,1,1,1.0
693,1,1074.29,294.5,55.799999999999955,133.5,1,1,0.0
693,2,1015.68,323.17,96.39999999999998,237.8,1,1,1.0
694,1,1075.04,294.5,55.299999999999955,145.0,1,1,0.0
694,2,1013.77,323.53,96.40000000000009,237.79000000000008,1,1,1.0
695,1,1075.8,294.5,54.799999999999955,156.5,1,1,0.0
695,2,1011.85,323.88,96.39999999999998,237.79999999999995,1,1,1.0
696,1,1076.07,294.45,54.799999999999955,161.91000000000003,1,1,0.0
696,2,1009.99,322.7,96.40000000000009,238.89000000000004,1,1,1.0
697,1,1076.34,294.41,54.80000000000018,167.31,1,1,0.0
697,2,1008.13,321.52,96.39999999999998,239.98000000000002,1,1,1.0
698,1,1076.62,294.36,54.80000000000018,172.71999999999997,1,1,0.0
698,2,1006.27,320.35,96.40000000000009,241.05999999999995,1,1,1.0
699,1,1076.89,294.32,54.799999999999955,178.12,1,1,0.0
699,2,1004.41,319.17,96.39999999999998,242.13999999999993,1,1,1.0
700,1,1077.16,294.27,54.799999999999955,183.53000000000003,1,1,0.0
700,2,1002.55,317.99,96.40000000000009,243.23000000000002,1,1,1.0
701,1,1077.43,294.23,54.799999999999955,188.93,1,1,0.0
701,2,1000.69,316.81,96.39999999999986,244.32,1,1,1.0
702,1,1077.71,294.18,54.799999999999955,194.33999999999997,1,1,0.0
702,2,998.82,315.63,96.40999999999997,245.40999999999997,1,1,1.0
703,1,1077.98,294.14,54.799999999999955,199.74,1,1,0.0
703,2,996.96,314.46,96.39999999999986,246.49000000000007,1,1,1.0
704,1,1078.25,294.09,54.799999999999955,205.15000000000003,1,1,0.0
704,2,995.1,313.28,96.39999999999998,247.58000000000004,1,1,1.0
705,1,1078.52,294.04,54.799999999999955,210.56,1,1,0.0
705,2,993.24,312.1,96.40000000000009,248.66999999999996,1,1,1.0
706,1,1078.52,294.04,55.63000000000011,210.56,1,1,0.0
706,2,991.11,312.1,98.53000000000009,248.66999999999996,1,1,1.0
707,1,1078.52,294.04,56.47000000000003,210.56,1,1,0.0
707,2,988.97,312.1,100.67000000000007,248.66999999999996,1,1,1.0
708,1,1078.52,294.04,57.299999999999955,210.56,1,1,0.0
708,2,986.84,312.1,102.80000000000007,248.66999999999996,1,1,1.0
709,1,1078.52,294.04,58.13000000000011,210.56,1,1,0.0
709,2,984.7,312.1,104.94000000000005,248.66999999999996,1,1,1.0
710,1,1078.52,294.04,58.960000000000036,210.56,1,1,0.0
710,2,982.57,312.1,107.07000000000005,248.66999999999996,1,1,1.0
711,1,1078.52,294.04,59.789999999999964,210.56,1,1,0.0
711,2,980.43,312.1,109.21000000000015,248.66999999999996,1,1,1.0
712,1,1078.52,294.04,60.62000000000012,210.56,1,1,0.0
712,2,978.3,312.1,111.34000000000015,248.66999999999996,1,1,1.0
713,1,1078.52,294.04,61.450000000000045,210.56,1,1,0.0
713,2,977.44,312.1,112.20000000000005,250.52999999999997,1,1,1.0
714,1,1078.52,294.04,62.289999999999964,210.56,1,1,0.0
714,2,976.57,312.1,113.07000000000005,252.38,1,1,1.0
715,1,1078.52,294.04,63.12000000000012,210.56,1,1,0.0
715,2,975.71,312.1,113.93000000000006,254.24,1,1,1.0
716,1,1078.52,294.04,63.950000000000045,210.56,1,1,0.0
716,2,974.85,312.1,114.79000000000008,256.1,1,1,1.0
717,1,1078.52,294.04,64.77999999999997,210.56,1,1,0.0
717,2,973.98,312.1,115.66000000000008,257.9599999999999,1,1,1.0
718,1,1077.83,294.04,66.52999999999997,211.28999999999996,1,1,0.0
718,2,973.12,312.1,116.5200000000001,259.80999999999995,1,1,1.0
719,1,1077.13,294.04,68.28999999999996,212.01,1,1,0.0
719,2,972.26,312.1,117.38000000000011,261.66999999999996,1,1,1.0
720,1,1076.44,294.04,70.03999999999996,212.73999999999995,1,1,0.0
720,2,971.39,312.1,118.25000000000011,263.53,1,1,1.0
721,1,1075.74,294.04,71.79999999999995,213.46999999999997,1,1,0.0
721,2,970.53,312.1,119.11000000000013,265.39,1,1,1.0
722,1,1075.05,294.04,73.54999999999995,214.19,1,1,0.0
722,2,969.66,312.1,119.98000000000013,267.24,1,1,1.0
723,1,1074.35,294.04,75.31000000000017,214.91999999999996,1,1,0.0
723,2,968.8,312.1,120.84000000000015,269.1,1,1,1.0
724,1,1073.66,294.04,77.05999999999995,215.64999999999998,1,1,0.0
724,2,967.26,311.28,116.3900000000001,269.9200000000001,1,1,1.0
725,1,1072.96,294.04,78.81999999999994,216.37,1,1,0.0
725,2,965.72,310.46,111.95000000000005,270.74000000000007,1,1,1.0
726,1,1072.27,294.04,80.56999999999994,217.09999999999997,1,1,0.0
726,2,964.18,309.64,107.50000000000011,271.56000000000006,1,1,1.0
727,1,1071.57,294.04,82.33000000000015,217.82999999999998,1,1,0.0
727,2,962.64,308.82,103.05000000000007,272.38000000000005,1,1,1.0
728,1,1070.88,294.04,84.07999999999993,218.55,1,1,0.0
728,2,961.1,308.0,98.60000000000002,273.20000000000005,1,1,1.0
729,1,1070.18,294.04,85.83999999999992,219.28000000000003,1,1,0.0
729,2,959.89,308.0,99.81000000000006,274.61,1,1,1.0
730,1,1069.49,294.04,87.58999999999992,220.00999999999993,1,1,0.0
730,2,958.68,308.0,101.0200000000001,276.02,1,1,1.0
731,1,1068.79,294.04,89.35000000000014,220.72999999999996,1,1,0.0
731,2,957.47,308.0,102.23000000000002,277.42999999999995,1,1,1.0
732,1,1068.1,294.04,91.10000000000014,221.45999999999998,1,1,0.0
732,2,956.26,308.0,103.44000000000005,278.84000000000003,1,1,1.0
733,1,1068.1,296.04,91.10000000000014,225.82,1,1,0.0
733,2,955.04,308.0,104.66000000000008,280.26,1,1,1.0
734,1,1068.1,298.03,91.10000000000014,230.19000000000005,1,1,0.0
734,2,953.83,308.0,105.87,281.66999999999996,1,1,1.0
735,1,1068.1,300.02,91.10000000000014,234.56000000000006,1,1,0.0
735,2,952.62,308.0,107.08000000000004,283.08000000000004,1,1,1.0
736,1,1068.1,302.01,91.10000000000014,238.93000000000006,1,1,0.0
736,2,951.41,308.0,108.29000000000008,284.49,1,1,1.0
737,1,1068.1,304.0,91.10000000000014,243.29999999999995,1,1,0.0
737,2,950.2,308.0,109.5,285.9,1,1,1.0
738,1,1067.76,304.0,92.81999999999994,243.29999999999995,1,1,0.0
738,2,949.68,308.0,110.0200000000001,287.37,1,1,1.0
739,1,1067.41,304.0,94.53999999999996,243.29999999999995,1,1,0.0
739,2,949.16,308.0,110.54000000000008,288.83000000000004,1,1,1.0
740,1,1067.07,304.0,96.25999999999999,243.29999999999995,1,1,0.0
740,2,948.64,308.0,111.06000000000006,290.29999999999995,1,1,1.0
741,1,1066.72,304.0,97.98000000000002,243.29999999999995,1,1,0.0
741,2,948.12,308.0,111.58000000000004,291.77,1,1,1.0
742,1,1066.38,304.0,99.69999999999982,243.29999999999995,1,1,0.0
742,2,947.6,308.0,112.10000000000002,293.23,1,1,1.0
743,1,1066.04,304.0,101.41000000000008,243.29999999999995,1,1,0.0
743,2,947.08,308.0,112.62,294.70000000000005,1,1,1.0
744,1,1065.69,304.0,103.13999999999987,243.29999999999995,1,1,0.0
744,2,946.56,308.0,113.1400000000001,296.16999999999996,1,1,1.0
745,1,1065.35,304.0,104.85000000000014,243.29999999999995,1,1,0.0
745,2,946.04,308.0,113.66000000000008,297.63,1,1,1.0
746,1,1065.01,304.0,106.56999999999994,243.29999999999995,1,1,0.0
746,2,945.52,308.0,114.18000000000006,299.1,1,1,1.0
747,1,1064.66,304.0,108.28999999999996,243.29999999999995,1,1,0.0
747,2,945.0,308.0,114.70000000000005,300.57000000000005,1,1,1.0
748,1,1064.32,304.0,110.00999999999999,243.29999999999995,1,1,0.0
748,2,944.48,308.0,115.22000000000003,302.03,1,1,1.0
749,1,1063.97,304.0,111.73000000000002,243.29999999999995,1,1,0.0
749,2,943.96,308.0,115.74000000000001,303.5,1,1,1.0
750,1,1063.63,304.0,113.44999999999982,243.29999999999995,1,1,0.0
750,2,943.44,308.0,116.25999999999999,304.97,1,1,1.0
751,1,1063.29,304.0,115.16000000000008,243.29999999999995,1,1,0.0
751,2,942.92,308.0,116.78000000000009,306.42999999999995,1,1,1.0
752,1,1062.94,304.0,116.88999999999987,243.29999999999995,1,1,0.0
752,2,942.4,308.0,117.30000000000007,307.9,1,1,1.0
753,1,1062.6,304.0,118.60000000000014,243.29999999999995,1,1,0.0
753,2,939.92,308.0,117.30000000000007,307.9,1,1,1.0
754,1,1053.68,304.74,131.01999999999998,243.29999999999995,1,1,0.0
754,2,937.45,308.0,117.29999999999995,307.9,1,1,1.0
755,1,1052.94,304.74,130.55999999999995,243.29999999999995,1,1,0.0
755,2,934.97,308.0,117.29999999999995,307.9,1,1,1.0
756,1,1052.2,304.74,136.0,243.29999999999995,1,1,0.0
756,2,933.11,308.21,117.30000000000007,307.90000000000003,1,1,1.0
757,1,1050.71,307.72,142.38999999999987,258.17999999999995,1,1,0.0
757,2,931.26,308.41,117.29999999999995,307.8999999999999,1,1,1.0
758,1,1050.01,307.74,145.93000000000006,258.17999999999995,1,1,0.0
758,2,929.4,308.62,117.30000000000007,307.9,1,1,1.0
759,1,1049.31,307.77,149.48000000000002,258.18000000000006,1,1,0.0
759,2,927.54,308.83,117.29999999999995,307.90000000000003,1,1,1.0
760,1,1048.61,307.79,153.0200000000002,258.18,1,1,0.0
760,2,925.68,309.03,117.30000000000007,307.9,1,1,1.0
761,1,1047.91,307.82,156.55999999999995,258.18,1,1,0.0
761,2,923.83,309.24,117.30000000000007,307.9,1,1,1.0
762,1,1047.21,307.84,160.0999999999999,258.18,1,1,0.0
762,2,922.28,305.82,117.29999999999995,316.90000000000003,1,1,1.0
763,1,1046.51,307.86,163.6500000000001,258.18999999999994,1,1,0.0
763,2,920.73,302.4,117.29999999999995,325.9,1,1,1.0
764,1,1045.81,307.89,167.19000000000005,258.18000000000006,1,1,0.0
764,2,918.46,302.3,117.29999999999995,325.90000000000003,1,1,1.0
765,1,1045.11,307.91,172.84000000000015,258.19,1,1,0.0
765,2,916.19,302.2,117.29999999999995,325.90000000000003,1,1,1.0
766,1,1044.41,307.94,178.49,258.18,1,1,0.0
766,2,913.91,302.09,117.30000000000007,325.90000000000003,1,1,1.0
767,1,1043.71,307.96,182.65999999999985,258.19,1,1,0.0
767,2,911.64,301.99,117.30000000000007,325.9,1,1,1.0
768,1,1043.01,307.99,186.81999999999994,258.17999999999995,1,1,0.0
768,2,909.37,301.89,117.30000000000007,325.9,1,1,1.0
769,1,1042.31,308.01,190.99,258.18000000000006,1,1,0.0
769,2,907.1,301.79,117.30000000000007,325.90000000000003,1,1,1.0
770,1,1041.62,308.04,200.58000000000015,258.18,1,1,0.0
770,2,904.82,301.69,117.29999999999995,325.90000000000003,1,1,1.0
771,1,1040.92,308.06,204.37999999999988,258.18,1,1,0.0
771,2,902.95,301.58,117.29999999999995,325.90000000000003,1,1,1.0
772,1,1040.22,308.08,207.27999999999997,258.19,1,1,0.0
772,2,899.4,301.48,122.31000000000006,341.62,1,1,1.0
773,1,1046.1,308.11,199.35000000000014,258.17999999999995,1,1,0.0
773,2,898.96,301.38,122.27999999999997,341.51,1,1,1.0
774,1,1048.63,308.13,194.77999999999997,258.19000000000005,1,1,0.0
774,2,898.53,301.28,122.24000000000001,341.4100000000001,1,1,1.0
775,1,1051.17,308.16,190.18999999999983,258.18,1,1,0.0
775,2,898.09,301.18,122.20999999999992,341.3,1,1,1.0
776,1,1053.7,308.18,185.6099999999999,258.18,1,1,0.0
776,2,897.54,301.08,124.25999999999999,341.19,1,1,1.0
777,1,1055.22,308.21,182.03999999999996,258.18,1,1,0.0
777,2,896.99,300.97,126.30999999999995,341.0899999999999,1,1,1.0
778,1,1056.74,308.23,178.48000000000002,258.17999999999995,1,1,0.0
778,2,896.45,300.87,128.3499999999999,340.99,1,1,1.0
779,1,1058.26,308.26,174.91000000000008,258.18000000000006,1,1,0.0
779,2,895.9,300.77,130.39999999999998,340.88,1,1,1.0
780,1,1059.78,308.28,171.33999999999992,258.18000000000006,1,1,0.0
780,2,895.68,300.67,132.13,343.74999999999994,1,1,1.0
781,1,1061.3,308.3,167.76999999999998,258.19,1,1,0.0
781,2,895.46,300.57,133.8499999999999,346.62000000000006,1,1,1.0
782,1,1060.63,308.33,166.39999999999986,258.18,1,1,0.0
782,2,895.24,300.46,135.56999999999994,349.50000000000006,1,1,1.0
783,1,1059.97,308.35,165.01,258.18999999999994,1,1,0.0
783,2,895.02,300.36,137.28999999999996,352.37,1,1,1.0
784,1,1059.3,308.38,163.6300000000001,258.17999999999995,1,1,0.0
784,2,894.8,300.26,139.01,355.24,1,1,1.0
785,1,1059.9,308.4,160.98000000000002,258.19000000000005,1,1,0.0
785,2,893.35,302.22,140.31000000000006,355.24,1,1,1.0
786,1,1060.5,308.43,158.33999999999992,258.18,1,1,0.0
786,2,891.9,304.18,141.60000000000002,355.23999999999995,1,1,1.0
787,1,1061.1,308.45,155.69000000000005,258.19,1,1,0.0
787,2,890.45,306.14,142.89999999999986,355.24,1,1,1.0
788,1,1060.0,308.48,154.74,258.17999999999995,1,1,0.0
788,2,889.0,308.1,144.20000000000005,355.24,1,1,1.0
789,1,1058.9,308.5,153.79999999999995,258.17999999999995,1,1,0.0
789,2,889.1,305.25,141.16999999999996,367.14,1,1,1.0
790,1,1057.8,308.53,152.85000000000014,258.18000000000006,1,1,0.0
790,2,889.2,302.4,138.12999999999988,379.05000000000007,1,1,1.0
791,1,1058.4,308.55,150.19999999999982,258.18,1,1,0.0
791,2,889.3,299.55,135.10000000000014,390.95,1,1,1.0
792,1,1053.5,308.58,147.9000000000001,258.18,1,1,0.0
792,2,889.91,299.44,134.95999999999992,390.46,1,1,1.0
793,1,1052.0,308.6,142.20000000000005,258.17999999999995,1,1,0.0
793,2,890.52,299.34,134.81999999999994,389.96,1,1,1.0
794,1,1051.09,308.62,138.23000000000002,258.18999999999994,1,1,0.0
794,2,891.12,299.24,134.68999999999994,389.45000000000005,1,1,1.0
795,1,1050.19,308.65,134.25,258.18000000000006,1,1,0.0
795,2,891.73,299.14,134.55999999999995,388.95000000000005,1,1,1.0
796,1,1049.28,308.67,130.27999999999997,258.19,1,1,0.0
796,2,892.34,299.04,134.41999999999996,388.45,1,1,1.0
797,1,1048.37,308.7,126.31000000000017,258.18,1,1,0.0
797,2,892.95,298.93,134.27999999999997,387.96,1,1,1.0
798,1,1047.47,308.72,122.32999999999993,258.18999999999994,1,1,0.0
798,2,893.56,298.83,134.1400000000001,387.45,1,1,1.0
799,1,1046.56,308.75,121.66000000000008,258.17999999999995,1,1,0.0
799,2,896.65,298.73,132.7700000000001,386.94999999999993,1,1,1.0
800,1,1045.65,308.77,120.99000000000001,258.19000000000005,1,1,0.0
800,2,899.75,298.63,131.3900000000001,386.45000000000005,1,1,1.0
801,1,1044.75,308.8,120.30999999999995,258.18,1,1,0.0
801,2,902.84,298.53,130.01999999999987,385.95000000000005,1,1,1.0
802,1,1043.84,308.82,119.6400000000001,258.18,1,1,0.0
802,2,905.93,298.42,128.64999999999998,385.45,1,1,1.0
803,1,1042.93,308.85,118.97000000000003,258.17999999999995,1,1,0.0
803,2,909.03,298.32,127.26999999999998,384.95,1,1,1.0
804,1,1042.03,308.87,117.51999999999998,258.17999999999995,1,1,0.0
804,2,912.12,298.22,125.89999999999998,384.44999999999993,1,1,1.0
805,1,1041.12,308.89,116.08000000000015,258.19000000000005,1,1,0.0
805,2,915.22,298.12,124.51999999999998,383.95000000000005,1,1,1.0
806,1,1042.05,308.92,114.47000000000003,258.18,1,1,0.0
806,2,918.31,298.02,123.15000000000009,383.44000000000005,1,1,1.0
807,1,1042.98,308.94,112.8599999999999,258.19,1,1,0.0
807,2,921.41,297.91,121.78000000000009,382.95,1,1,1.0
808,1,1043.9,308.97,111.25999999999999,258.17999999999995,1,1,0.0
808,2,924.5,297.81,120.41000000000008,382.45,1,1,1.0
809,1,1044.83,308.99,109.65000000000009,258.18999999999994,1,1,0.0
809,2,926.91,297.71,119.72000000000014,381.95,1,1,1.0
810,1,1045.76,309.02,108.03999999999996,258.18000000000006,1,1,0.0
810,2,929.32,297.61,119.02999999999986,381.43999999999994,1,1,1.0
811,1,1046.68,309.04,106.43999999999983,258.19,1,1,0.0
811,2,931.73,297.51,118.33999999999992,380.94000000000005,1,1,1.0
812,1,1047.61,309.07,104.83000000000015,258.18,1,1,0.0
812,2,934.14,297.4,117.64999999999998,380.45000000000005,1,1,1.0
813,1,1048.54,309.09,103.22000000000003,258.18,1,1,0.0
813,2,936.55,297.3,116.96000000000004,379.95,1,1,1.0
814,1,1049.46,309.12,101.61999999999989,258.17999999999995,1,1,0.0
814,2,938.96,297.2,116.26999999999998,379.45,1,1,1.0
815,1,1050.39,309.14,100.00999999999999,258.18000000000006,1,1,0.0
815,2,941.37,297.1,115.58000000000004,378.93999999999994,1,1,1.0
816,1,1051.32,309.16,98.40000000000009,258.19,1,1,0.0
816,2,943.78,297.0,114.8900000000001,378.44000000000005,1,1,1.0
817,1,1052.25,309.19,96.78999999999996,258.18,1,1,0.0
817,2,946.19,296.89,114.20000000000005,377.95000000000005,1,1,1.0
818,1,1053.17,309.21,95.18999999999983,258.19,1,1,0.0
818,2,948.6,296.79,113.50999999999988,377.45,1,1,1.0
819,1,1054.1,309.24,93.58000000000015,258.17999999999995,1,1,0.0
819,2,956.58,296.69,107.24999999999989,376.94,1,1,1.0
820,1,1056.88,309.26,90.11999999999989,258.19000000000005,1,1,0.0
820,2,964.56,296.59,100.99000000000001,376.44,1,1,1.0
821,1,1059.65,309.29,86.66999999999985,258.18,1,1,0.0
821,2,972.54,296.49,94.74000000000001,375.93999999999994,1,1,1.0
822,1,1062.43,309.31,83.21000000000004,258.19,1,1,0.0
822,2,980.52,296.39,88.48000000000002,375.44000000000005,1,1,1.0
823,1,1065.2,309.34,79.75999999999999,258.18,1,1,0.0
823,2,988.5,296.28,82.22000000000003,374.94000000000005,1,1,1.0
824,1,1066.38,309.36,77.90999999999985,258.17999999999995,1,1,0.0
824,2,989.86,296.18,82.58000000000004,376.54,1,1,1.0
825,1,1067.55,309.39,76.05999999999995,258.18000000000006,1,1,0.0
825,2,991.23,296.08,82.93000000000006,378.13000000000005,1,1,1.0
826,1,1068.73,309.41,74.20000000000005,258.18,1,1,0.0
826,2,992.59,295.98,83.29000000000008,379.72,1,1,1.0
827,1,1069.9,309.44,72.34999999999991,258.18,1,1,0.0
827,2,993.95,295.88,83.64999999999986,381.31000000000006,1,1,1.0
828,1,1071.1,309.46,70.47000000000003,258.18,1,1,0.0
828,2,995.31,295.77,84.00999999999999,382.90999999999997,1,1,1.0
829,1,1072.3,309.48,68.59000000000015,258.18999999999994,1,1,0.0
829,2,996.68,295.67,84.36000000000001,384.49999999999994,1,1,1.0
830,1,1073.5,309.51,66.71000000000004,258.18000000000006,1,1,0.0
830,2,998.04,295.57,84.72000000000003,386.09999999999997,1,1,1.0
831,1,1074.7,309.53,64.82999999999993,258.19000000000005,1,1,0.0
831,2,999.4,295.47,85.08000000000004,387.68999999999994,1,1,1.0
832,1,1075.9,309.56,62.94999999999982,258.18,1,1,0.0
832,2,1000.76,295.37,85.44000000000005,389.28,1,1,1.0
833,1,1077.1,309.58,61.070000000000164,258.19,1,1,0.0
833,2,1002.13,295.26,85.79000000000008,390.88,1,1,1.0
834,1,1078.48,309.61,62.15000000000009,259.84000000000003,1,1,0.0
834,2,1003.49,295.16,86.15000000000009,392.46999999999997,1,1,1.0
835,1,1079.86,309.63,63.24000000000001,261.51,1,1,0.0
835,2,1004.85,295.06,86.51999999999987,394.06,1,1,1.0
836,1,1081.24,309.66,64.32999999999993,263.17,1,1,0.0
836,2,1006.22,294.96,86.86999999999989,395.66,1,1,1.0
837,1,1082.62,309.68,65.41000000000008,264.83,1,1,0.0
837,2,1007.58,294.86,87.2299999999999,397.25,1,1,1.0
838,1,1084.0,309.71,66.5,266.49000000000007,1,1,0.0
838,2,1008.94,294.75,87.58999999999992,398.85,1,1,1.0
839,1,1086.0,309.73,68.0,266.39,1,1,0.0
839,2,1006.16,294.65,92.09000000000003,397.97,1,1,1.0
840,1,1088.0,309.76,69.5,266.28999999999996,1,1,0.0
840,2,1003.39,294.55,96.58000000000004,397.09,1,1,1.0
841,1,1090.0,309.78,71.0,266.19000000000005,1,1,0.0
841,2,1000.61,294.45,101.08000000000004,396.21,1,1,1.0
842,1,1092.0,309.8,72.5,266.09999999999997,1,1,0.0
842,2,997.83,294.35,105.58000000000004,395.3299999999999,1,1,1.0
843,1,1094.0,309.83,74.0,265.99000000000007,1,1,0.0
843,2,995.05,294.24,110.08000000000015,394.46000000000004,1,1,1.0
844,1,1096.0,309.85,75.5,265.9,1,1,0.0
844,2,992.28,294.14,114.56999999999994,393.57000000000005,1,1,1.0
845,1,1098.0,309.88,77.0,265.78999999999996,1,1,0.0
845,2,989.5,294.04,119.06999999999994,392.69,1,1,1.0
846,1,1097.86,309.9,80.66000000000008,265.70000000000005,1,1,0.0
846,2,990.66,293.9,119.05000000000007,391.81000000000006,1,1,1.0
847,1,1097.72,309.93,84.31999999999994,265.59,1,1,0.0
847,2,991.83,293.75,119.02999999999986,390.94000000000005,1,1,1.0
848,1,1097.58,309.95,87.98000000000002,265.49000000000007,1,1,0.0
848,2,992.99,293.61,119.00999999999999,390.05999999999995,1,1,1.0
849,1,1097.44,309.98,91.63999999999987,265.39,1,1,0.0
849,2,994.16,293.47,118.98000000000013,389.17999999999995,1,1,1.0
850,1,1097.3,310.0,95.29999999999995,265.28999999999996,1,1,0.0
850,2,995.32,293.32,118.95999999999992,388.3,1,1,1.0
851,1,1096.7,310.03,99.68000000000006,265.19000000000005,1,1,0.0
851,2,996.49,293.18,118.93000000000006,387.42,1,1,1.0
852,1,1096.1,310.05,104.05000000000018,265.09,1,1,0.0
852,2,997.65,293.04,118.90999999999997,386.54,1,1,1.0
853,1,1097.55,310.08,106.37000000000012,264.99000000000007,1,1,0.0
853,2,998.82,292.89,118.88,385.66999999999996,1,1,1.0
854,1,1099.0,310.1,108.70000000000005,264.89,1,1,0.0
854,2,999.98,292.75,118.86999999999989,384.78,1,1,1.0
855,1,1102.75,310.12,103.01999999999998,264.79999999999995,1,1,0.0
855,2,1001.15,292.61,118.84000000000003,383.9,1,1,1.0
856,1,1106.5,310.15,97.33999999999992,264.69000000000005,1,1,0.0
856,2,1002.31,292.46,118.82000000000016,383.03000000000003,1,1,1.0
857,1,1105.86,311.5,104.99000000000001,265.90999999999997,1,1,0.0
857,2,1003.48,292.32,118.78999999999996,382.15000000000003,1,1,1.0
858,1,1105.22,312.85,112.63999999999987,267.13,1,1,0.0
858,2,1004.64,292.18,118.7700000000001,381.27000000000004,1,1,1.0
859,1,1104.58,314.19,120.30000000000018,268.36999999999995,1,1,0.0
859,2,1005.81,292.03,118.74000000000001,380.39,1,1,1.0
860,1,1103.94,315.54,127.95000000000005,269.59,1,1,0.0
860,2,1006.97,291.89,118.72000000000003,379.51,1,1,1.0
861,1,1103.3,316.89,135.60000000000014,270.81000000000006,1,1,0.0
861,2,1008.14,291.75,118.69999999999993,378.63,1,1,1.0
862,1,1108.8,316.81,130.75,270.59,1,1,0.0
862,2,1009.3,291.6,118.68000000000006,377.76,1,1,1.0
863,1,1114.3,316.72,125.90000000000009,270.39,1,1,0.0
863,2,1010.47,291.46,118.64999999999986,376.88000000000005,1,1,1.0
864,1,1116.6,316.63,127.0,270.17999999999995,1,1,0.0
864,2,1011.63,291.32,118.63,375.98999999999995,1,1,1.0
865,1,1118.9,316.55,128.0999999999999,269.96,1,1,0.0
865,2,1012.8,291.17,118.60000000000014,375.11999999999995,1,1,1.0
866,1,1122.25,316.46,128.3599999999999,269.76000000000005,1,1,0.0
866,2,1014.75,291.09,115.28999999999996,374.24000000000007,1,1,1.0
867,1,1125.61,316.38,128.61000000000013,269.53999999999996,1,1,0.0
867,2,1016.7,291.0,111.97000000000003,373.36,1,1,1.0
868,1,1128.96,316.29,128.8699999999999,269.34,1,1,0.0
868,2,1018.65,290.91,108.64999999999998,372.47999999999996,1,1,1.0
869,1,1134.42,317.86,129.1199999999999,269.12,1,1,0.0
869,2,1017.57,291.1,108.81000000000006,371.6,1,1,1.0
870,1,1139.89,319.43,129.3699999999999,268.91,1,1,0.0
870,2,1016.48,291.29,108.98000000000002,370.71999999999997,1,1,1.0
871,1,1141.27,316.8,129.6300000000001,274.91,1,1,0.0
871,2,1015.4,291.48,109.13999999999999,369.84000000000003,1,1,1.0
872,1,1142.65,314.17,129.87999999999988,280.90000000000003,1,1,0.0
872,2,1014.32,291.67,109.29999999999984,368.96,1,1,1.0
873,1,1144.03,311.53,130.1400000000001,286.9100000000001,1,1,0.0
873,2,1013.23,291.86,109.47000000000003,368.08000000000004,1,1,1.0
874,1,1145.41,308.9,130.39999999999986,292.9,1,1,0.0
874,2,1012.15,292.05,109.63,367.2,1,1,1.0
875,1,1149.64,310.62,128.26,292.15999999999997,1,1,0.0
875,2,1014.07,292.54,109.79999999999984,366.33,1,1,1.0
876,1,1153.88,312.33,126.11999999999989,291.42,1,1,0.0
876,2,1016.0,293.04,109.95000000000005,365.45,1,1,1.0
877,1,1158.97,312.73,121.02999999999997,290.68999999999994,1,1,0.0
877,2,1017.92,293.54,110.12,364.57,1,1,1.0
878,1,1164.05,313.13,115.95000000000005,289.95000000000005,1,1,0.0
878,2,1019.85,294.04,110.28000000000009,363.69,1,1,1.0
879,1,1165.65,314.2,114.34999999999991,289.21,1,1,0.0
879,2,1021.77,294.54,110.45000000000005,362.81,1,1,1.0
880,1,1167.24,315.28,112.75999999999999,288.46000000000004,1,1,0.0
880,2,1023.7,295.04,110.6099999999999,361.93,1,1,1.0
881,1,1168.83,316.35,111.17000000000007,287.73,1,1,0.0
881,2,1025.62,295.53,110.77000000000021,361.06000000000006,1,1,1.0
882,1,1174.6,313.75,105.40000000000009,286.99,1,1,0.0
882,2,1027.55,296.03,110.93000000000006,360.18000000000006,1,1,1.0
883,1,1180.89,314.94,97.86999999999989,286.25000000000006,1,1,0.0
883,2,1029.97,295.78,111.09999999999991,361.93000000000006,1,1,1.0
884,1,1187.19,316.13,90.32999999999993,285.51,1,1,0.0
884,2,1032.39,295.53,111.25999999999999,363.68000000000006,1,1,1.0
885,1,1191.15,316.42,87.6099999999999,284.78000000000003,1,1,0.0
885,2,1034.82,295.28,111.42000000000007,365.4200000000001,1,1,1.0
886,1,1195.12,316.72,84.88000000000011,284.03999999999996,1,1,0.0
886,2,1037.24,295.03,111.58999999999992,367.1700000000001,1,1,1.0
887,1,1197.65,312.44,82.34999999999991,283.3,1,1,0.0
887,2,1039.66,294.78,111.75,368.9200000000001,1,1,1.0
888,1,1198.23,312.42,81.76999999999998,282.56,1,1,0.0
888,2,1042.09,294.53,111.91000000000008,370.6700000000001,1,1,1.0
889,1,1199.8,310.33,80.20000000000005,281.82,1,1,0.0
889,2,1042.44,294.28,114.14999999999986,369.31000000000006,1,1,1.0
890,1,1201.37,308.24,78.63000000000011,281.08000000000004,1,1,0.0
890,2,1042.79,294.03,116.38000000000011,367.96000000000004,1,1,1.0
891,1,1211.01,310.84,68.99000000000001,293.56,1,1,0.0
891,2,1043.15,293.78,118.6099999999999,366.6,1,1,1.0
892,1,1214.26,310.87,65.74000000000001,292.38,1,1,0.0
892,2,1043.5,293.54,120.84999999999991,365.22999999999996,1,1,1.0
893,1,1217.08,310.9,62.92000000000007,291.20000000000005,1,1,0.0
893,2,1046.21,293.29,122.37999999999988,363.87999999999994,1,1,1.0
894,1,1220.28,310.93,59.72000000000003,290.02000000000004,1,1,0.0
894,2,1048.92,293.04,123.89999999999986,362.5199999999999,1,1,1.0
895,1,1218.85,310.96,61.15000000000009,288.84,1,1,0.0
895,2,1051.63,292.79,125.42999999999984,361.17,1,1,1.0
896,1,1221.21,312.64,58.789999999999964,287.66999999999996,1,1,0.0
896,2,1054.34,292.54,126.96000000000004,359.81,1,1,1.0
897,1,1223.87,314.26,56.13000000000011,286.49,1,1,0.0
897,2,1057.04,292.29,128.5,358.45,1,1,1.0
898,1,1232.56,315.81,47.440000000000055,285.31,1,1,0.0
898,2,1059.75,292.04,130.02999999999997,357.09999999999997,1,1,1.0
899,1,1235.39,315.64,44.6099999999999,284.12,1,1,0.0
899,2,1062.46,291.79,131.55999999999995,355.73999999999995,1,1,1.0
900,1,1238.33,315.46,41.67000000000007,282.95,1,1,0.0
900,2,1065.17,291.54,133.08999999999992,354.37999999999994,1,1,1.0
901,1,1242.14,315.28,37.8599999999999,281.77,1,1,0.0
901,2,1067.88,291.29,134.6199999999999,353.03000000000003,1,1,1.0
902,1,1247.52,314.28,32.48000000000002,280.59000000000003,1,1,0.0
902,2,1070.59,291.04,137.34000000000015,351.67,1,1,1.0
903,1,1251.81,314.14,28.190000000000055,279.41999999999996,1,1,0.0
903,2,1073.3,290.79,140.06999999999994,350.32,1,1,1.0
904,1,1254.13,316.49,25.86999999999989,278.24,1,1,0.0
904,2,1076.0,290.54,142.79999999999995,348.96,1,1,1.0
905,1,1253.62,317.04,26.38000000000011,277.05,1,1,0.0
905,2,1078.71,290.29,144.88999999999987,347.59999999999997,1,1,1.0
906,1,1256.94,316.71,23.059999999999945,275.87000000000006,1,1,0.0
906,2,1081.42,290.04,146.98000000000002,346.24999999999994,1,1,1.0
907,1,1265.34,316.38,14.660000000000082,274.69000000000005,1,1,0.0
907,2,1084.13,289.79,149.06999999999994,344.88999999999993,1,1,1.0
908,1,1267.46,316.05,12.539999999999964,273.50999999999993,1,1,0.0
908,2,1086.84,289.54,151.16000000000008,343.54,1,1,1.0
909,1,1269.28,316.55,10.720000000000027,272.33,1,1,0.0
909,2,1089.55,289.29,153.25,342.18,1,1,1.0
910,1,1270.47,317.8,9.529999999999973,271.16,1,1,0.0
910,2,1092.26,289.04,155.33999999999992,340.82,1,1,1.0
911,1,1275.64,318.9,4.3599999999999,269.98,1,1,0.0
911,2,1094.97,288.79,157.43000000000006,339.46999999999997,1,1,1.0
912,1,1278.09,319.02,1.9100000000000819,268.78999999999996,1,1,0.0
912,2,1097.67,288.54,159.52999999999997,338.10999999999996,1,1,1.0
913,2,1100.38,288.29,161.6199999999999,336.74999999999994,1,1,1.0
914,2,1103.09,288.04,158.32000000000016,335.40000000000003,1,1,1.0
915,2,1105.8,287.79,155.02999999999997,334.04,1,1,1.0
916,2,1108.51,287.54,151.73000000000002,332.69,1,1,1.0
917,2,1111.22,287.29,148.44000000000005,331.33,1,1,1.0
918,2,1113.93,287.04,145.13999999999987,329.96999999999997,1,1,1.0
919,2,1116.64,286.79,141.8499999999999,328.61999999999995,1,1,1.0
920,2,1119.34,286.54,138.56000000000017,327.25999999999993,1,1,1.0
921,2,1122.05,286.29,133.85000000000014,325.90000000000003,1,1,1.0
922,2,1124.39,290.43,131.51,320.24999999999994,1,1,1.0
923,2,1126.73,294.56,129.17000000000007,314.59999999999997,1,1,1.0
924,2,1129.08,298.7,126.82000000000016,308.95,1,1,1.0
925,2,1131.42,302.83,124.48000000000002,303.3,1,1,1.0
926,2,1133.76,306.97,122.1400000000001,297.65,1,1,1.0
927,2,1136.1,311.1,119.80000000000018,292.0,1,1,1.0
928,2,1136.55,311.1,119.35000000000014,290.6,1,1,1.0
929,2,1137.01,311.1,118.8900000000001,289.18999999999994,1,1,1.0
930,2,1137.46,311.1,118.44000000000005,287.78999999999996,1,1,1.0
931,2,1137.92,311.1,117.98000000000002,286.38,1,1,1.0
932,2,1138.37,311.1,117.5300000000002,284.98,1,1,1.0
933,2,1138.83,311.1,117.07000000000016,283.56999999999994,1,1,1.0
934,2,1139.28,311.1,116.62000000000012,282.16999999999996,1,1,1.0
935,2,1139.74,311.1,116.16000000000008,280.76,1,1,1.0
936,2,1140.19,311.1,115.71000000000004,279.36,1,1,1.0
937,2,1140.65,311.1,115.25,277.94999999999993,1,1,1.0
938,2,1141.1,311.1,114.80000000000018,276.54999999999995,1,1,1.0
939,2,1141.56,311.1,114.34000000000015,275.14,1,1,1.0
940,2,1142.01,311.1,113.8900000000001,273.74,1,1,1.0
941,2,1142.47,311.1,113.43000000000006,272.3299999999999,1,1,1.0
942,2,1142.92,311.1,112.98000000000002,270.92999999999995,1,1,1.0
943,2,1143.38,311.1,112.51999999999998,269.52,1,1,1.0
944,2,1143.83,311.1,112.07000000000016,268.12,1,1,1.0
945,2,1144.29,311.1,111.61000000000013,266.7099999999999,1,1,1.0
946,2,1144.74,311.1,111.16000000000008,265.29999999999995,1,1,1.0
947,2,1145.2,311.1,110.70000000000005,263.9,1,1,1.0
948,2,1144.37,311.1,111.5300000000002,263.9,1,1,1.0
949,2,1143.55,311.1,112.35000000000014,263.9,1,1,1.0
950,2,1142.72,311.1,113.18000000000006,263.9,1,1,1.0
951,2,1141.89,311.1,114.00999999999999,263.9,1,1,1.0
952,2,1141.07,311.1,114.83000000000015,263.9,1,1,1.0
953,2,1140.24,311.1,115.66000000000008,263.9,1,1,1.0
954,2,1139.41,311.1,116.49000000000001,263.9,1,1,1.0
955,2,1138.59,311.1,117.31000000000017,263.9,1,1,1.0
956,2,1137.76,311.1,118.1400000000001,263.9,1,1,1.0
957,2,1136.93,311.1,118.97000000000003,263.9,1,1,1.0
958,2,1136.11,311.1,119.79000000000019,263.9,1,1,1.0
959,2,1135.28,311.1,120.62000000000012,263.9,1,1,1.0
960,2,1134.45,311.1,121.45000000000005,263.9,1,1,1.0
961,2,1133.63,311.1,122.26999999999998,263.9,1,1,1.0
962,2,1132.8,311.1,123.10000000000014,263.9,1,1,1.0
963,2,1132.8,311.1,121.17000000000007,263.9,1,1,1.0
964,2,1132.8,311.1,119.23000000000002,263.9,1,1,1.0
965,1,1275.89,325.12,4.1099999999999,258.17999999999995,1,1,0.0
965,2,1132.8,311.1,117.29999999999995,263.9,1,1,1.0
966,1,1270.92,325.42,9.079999999999927,258.19,1,1,0.0
966,2,1132.8,311.1,115.37000000000012,263.9,1,1,1.0
967,1,1261.51,323.14,18.49000000000001,258.18000000000006,1,1,0.0
967,2,1132.8,311.1,113.43000000000006,263.9,1,1,1.0
968,1,1252.1,320.85,27.90000000000009,258.17999999999995,1,1,0.0
968,2,1132.8,311.1,111.5,263.9,1,1,1.0
969,1,1249.61,322.09,30.3900000000001,258.18,1,1,0.0
969,2,1132.8,311.1,109.56999999999994,263.9,1,1,1.0
970,1,1236.36,324.16,43.6400000000001,258.18,1,1,0.0
970,2,1132.8,311.1,107.63000000000011,263.9,1,1,1.0
971,1,1236.36,317.8,43.6400000000001,264.54,1,1,0.0
971,2,1132.8,311.1,105.70000000000005,263.9,1,1,1.0
972,1,1236.36,311.45,43.6400000000001,270.89000000000004,1,1,0.0
972,2,1129.49,309.44,105.70000000000005,263.90000000000003,1,1,1.0
973,1,1236.36,305.1,43.6400000000001,277.24,1,1,0.0
973,2,1126.18,307.79,105.70000000000005,263.90000000000003,1,1,1.0
974,1,1214.8,305.1,65.20000000000005,277.24,1,1,0.0
974,2,1127.15,307.79,104.73000000000002,263.90000000000003,1,1,1.0
975,1,1212.81,305.27,67.19000000000005,281.38,1,1,0.0
975,2,1128.12,307.79,103.76000000000022,263.90000000000003,1,1,1.0
976,1,1210.83,305.43,69.17000000000007,285.53000000000003,1,1,0.0
976,2,1129.08,307.79,102.80000000000018,263.90000000000003,1,1,1.0
977,1,1208.84,305.6,71.16000000000008,289.67999999999995,1,1,0.0
977,2,1130.05,307.79,101.83000000000015,263.90000000000003,1,1,1.0
978,1,1206.86,305.76,73.1400000000001,293.83000000000004,1,1,0.0
978,2,1131.02,307.79,100.86000000000013,263.90000000000003,1,1,1.0
979,1,1204.87,305.93,75.13000000000011,297.96999999999997,1,1,0.0
979,2,1131.99,307.79,99.8900000000001,263.90000000000003,1,1,1.0
980,1,1198.24,305.93,81.75999999999999,297.96999999999997,1,1,0.0
980,2,1132.96,307.79,98.92000000000007,263.90000000000003,1,1,1.0
981,1,1191.6,305.93,88.40000000000009,297.96999999999997,1,1,0.0
981,2,1133.93,307.79,97.95000000000005,263.90000000000003,1,1,1.0
982,1,1189.83,305.93,90.17000000000007,297.96999999999997,1,1,0.0
982,2,1134.89,307.79,96.99000000000001,263.90000000000003,1,1,1.0
983,1,1188.06,305.93,91.94000000000005,297.96999999999997,1,1,0.0
983,2,1135.86,307.79,96.02000000000021,263.90000000000003,1,1,1.0
984,1,1186.29,305.93,93.71000000000004,297.96999999999997,1,1,0.0
984,2,1136.83,307.79,95.05000000000018,263.90000000000003,1,1,1.0
985,1,1184.51,305.93,95.49000000000001,297.96999999999997,1,1,0.0
985,2,1137.8,307.79,94.08000000000015,263.90000000000003,1,1,1.0
986,1,1182.74,305.93,97.25999999999999,297.96999999999997,1,1,0.0
986,2,1139.96,307.79,77.83999999999992,261.42,1,1,1.0
987,1,1180.97,305.93,99.02999999999997,297.96999999999997,1,1,0.0
987,2,1142.12,307.79,77.93000000000006,258.94,1,1,1.0
988,1,1179.2,305.93,100.79999999999995,297.96999999999997,1,1,0.0
988,2,1144.28,307.79,78.01999999999998,256.46999999999997,1,1,1.0
989,1,1175.4,305.93,104.59999999999991,297.96999999999997,1,1,0.0
989,2,1146.44,307.79,75.65999999999985,253.98999999999995,1,1,1.0
990,1,1171.6,305.93,108.40000000000009,297.96999999999997,1,1,0.0
990,2,1154.39,306.13,76.69999999999982,251.51999999999998,1,1,1.0
991,1,1167.8,305.93,112.20000000000005,297.96999999999997,1,1,0.0
991,2,1154.39,306.13,65.1099999999999,251.51999999999998,1,1,1.0
992,1,1164.0,305.93,116.0,297.96999999999997,1,1,0.0
992,2,1154.39,306.13,53.50999999999999,251.51999999999998,1,1,1.0
993,1,1160.2,305.93,119.79999999999995,297.96999999999997,1,1,0.0
993,2,1154.39,306.13,41.909999999999854,251.51999999999998,1,1,1.0
994,1,1156.06,306.07,119.79999999999995,297.96999999999997,1,1,0.0
994,2,1175.36,305.86,41.91000000000008,251.51,1,1,1.0
995,1,1151.92,306.2,119.79999999999995,297.97999999999996,1,1,0.0
995,2,1196.32,305.58,41.91000000000008,251.51000000000005,1,1,1.0
996,1,1147.79,306.34,119.79999999999995,297.96999999999997,1,1,0.0
996,2,1217.29,305.31,41.91000000000008,251.51000000000005,1,1,1.0
997,1,1143.65,306.48,119.79999999999995,297.97,1,1,0.0
997,2,1218.12,305.16,41.90000000000009,251.50999999999993,1,1,1.0
998,1,1139.51,306.62,119.79999999999995,297.97,1,1,0.0
998,2,1218.94,305.01,41.909999999999854,251.51,1,1,1.0
999,1,1135.37,306.75,119.80000000000018,297.98,1,1,0.0
999,2,1219.77,304.86,41.91000000000008,251.51,1,1,1.0
1000,1,1131.07,306.42,119.79999999999995,297.97999999999996,1,1,0.0
1000,2,1220.6,304.7,41.91000000000008,251.52000000000004,1,1,1.0
1001,1,1126.76,306.09,119.79999999999995,297.9800000000001,1,1,0.0
1001,2,1221.43,304.55,41.899999999999864,251.52000000000004,1,1,1.0
1002,1,1122.46,305.76,119.79999999999995,297.97,1,1,0.0
1002,2,1222.25,304.4,41.91000000000008,251.51,1,1,1.0
1003,1,1118.16,305.43,119.79999999999995,297.96999999999997,1,1,0.0
1003,2,1223.08,304.25,41.91000000000008,251.51,1,1,1.0
1004,1,1113.85,305.1,119.80000000000018,297.97,1,1,0.0
1004,2,1223.91,304.1,41.909999999999854,251.51,1,1,1.0
1005,1,1114.06,304.94,119.79999999999995,297.97999999999996,1,1,0.0
1005,2,1224.74,303.95,41.90000000000009,251.51000000000005,1,1,1.0
1006,1,1114.27,304.79,119.79999999999995,297.96999999999997,1,1,0.0
1006,2,1225.56,303.8,41.91000000000008,251.50999999999993,1,1,1.0
1007,1,1114.47,304.63,119.79999999999995,297.98,1,1,0.0
1007,2,1226.39,303.65,41.909999999999854,251.51,1,1,1.0
1008,1,1114.68,304.48,119.79999999999995,297.97,1,1,0.0
1008,2,1227.07,303.12,41.91000000000008,251.51,1,1,1.0
1009,1,1114.89,304.32,119.79999999999995,297.97999999999996,1,1,0.0
1009,2,1227.76,302.58,41.90000000000009,251.51000000000005,1,1,1.0
1010,1,1115.09,304.17,119.80000000000018,297.96999999999997,1,1,0.0
1010,2,1228.44,302.04,41.899999999999864,251.51999999999992,1,1,1.0
1011,1,1115.3,304.01,119.79999999999995,297.98,1,1,0.0
1011,2,1229.12,301.51,41.91000000000008,251.51,1,1,1.0
1012,1,1115.51,303.86,119.79999999999995,297.97,1,1,0.0
1012,2,1229.8,300.97,41.91000000000008,251.51,1,1,1.0
1013,1,1115.72,303.7,119.79999999999995,297.97999999999996,1,1,0.0
1013,2,1230.48,300.44,41.91000000000008,251.51000000000005,1,1,1.0
1014,1,1115.92,303.55,119.79999999999995,297.96999999999997,1,1,0.0
1014,2,1231.16,299.9,41.909999999999854,251.51,1,1,1.0
1015,1,1116.13,303.39,119.79999999999995,297.98,1,1,0.0
1015,2,1231.84,299.37,41.91000000000008,251.51,1,1,1.0
1016,1,1116.34,303.24,119.80000000000018,297.97,1,1,0.0
1016,2,1232.53,298.83,41.90000000000009,251.51000000000005,1,1,1.0
1017,1,1116.54,303.08,119.79999999999995,297.96999999999997,1,1,0.0
1017,2,1233.21,298.3,41.909999999999854,251.50999999999993,1,1,1.0
1018,1,1116.75,302.93,119.79999999999995,297.96999999999997,1,1,0.0
1018,2,1233.89,297.76,41.909999999999854,251.51,1,1,1.0
1019,1,1116.96,302.77,119.79999999999995,297.97,1,1,0.0
1019,2,1234.57,297.23,41.91000000000008,251.51,1,1,1.0
1020,1,1117.16,302.62,119.79999999999995,297.97,1,1,0.0
1020,2,1235.25,296.69,41.91000000000008,251.51000000000005,1,1,1.0
1021,1,1117.78,304.69,119.79999999999995,289.90000000000003,1,1,0.0
1021,2,1235.93,296.15,41.909999999999854,251.51999999999998,1,1,1.0
1022,1,1118.41,306.76,119.79999999999995,281.83000000000004,1,1,0.0
1022,2,1236.62,295.62,41.90000000000009,251.51,1,1,1.0
1023,1,1119.03,308.83,119.79999999999995,273.77000000000004,1,1,0.0
1023,2,1237.3,295.08,41.90000000000009,251.51000000000005,1,1,1.0
1024,1,1119.65,310.9,119.79999999999995,265.70000000000005,1,1,0.0
1024,2,1237.98,294.55,41.91000000000008,251.50999999999993,1,1,1.0
1025,1,1120.67,310.9,119.79999999999995,265.70000000000005,1,1,0.0
1025,2,1237.98,294.55,41.91000000000008,244.40000000000003,1,1,1.0
1026,1,1121.69,310.9,119.79999999999995,265.70000000000005,1,1,0.0
1026,2,1237.98,294.55,41.91000000000008,237.29000000000002,1,1,1.0
1027,1,1122.71,310.9,119.79999999999995,265.70000000000005,1,1,0.0
1027,2,1237.98,294.55,41.91000000000008,230.17000000000002,1,1,1.0
1028,1,1123.74,310.9,119.79999999999995,265.70000000000005,1,1,0.0
1028,2,1237.98,294.55,41.91000000000008,223.06,1,1,1.0
1029,1,1124.76,310.9,119.79999999999995,265.70000000000005,1,1,0.0
1029,2,1237.98,294.55,41.91000000000008,215.95,1,1,1.0
1030,1,1125.78,310.9,119.79999999999995,265.70000000000005,1,1,0.0
1030,2,1237.9,294.54,41.87999999999988,215.95999999999998,1,1,1.0
1031,1,1126.8,310.9,119.79999999999995,265.70000000000005,1,1,0.0
1031,2,1237.82,294.54,41.850000000000136,215.95,1,1,1.0
1032,1,1127.82,310.9,119.79999999999995,265.70000000000005,1,1,0.0
1032,2,1237.74,294.54,41.819999999999936,215.95,1,1,1.0
1033,1,1128.85,310.9,119.80000000000018,265.70000000000005,1,1,0.0
1033,2,1237.66,294.53,41.789999999999964,215.95000000000005,1,1,1.0
1034,1,1129.87,310.9,119.80000000000018,265.70000000000005,1,1,0.0
1034,2,1237.58,294.53,41.76999999999998,215.95000000000005,1,1,1.0
1035,1,1130.89,310.9,119.79999999999995,265.70000000000005,1,1,0.0
1035,2,1237.5,294.52,41.74000000000001,215.96000000000004,1,1,1.0
1036,1,1131.91,310.9,119.79999999999995,265.70000000000005,1,1,0.0
1036,2,1237.42,294.52,41.710000000000036,215.95000000000005,1,1,1.0
1037,1,1132.94,310.9,119.79999999999995,265.70000000000005,1,1,0.0
1037,2,1237.34,294.52,41.680000000000064,215.95000000000005,1,1,1.0
1038,1,1133.96,310.9,119.79999999999995,265.70000000000005,1,1,0.0
1038,2,1237.26,294.51,41.65000000000009,215.95,1,1,1.0
1039,1,1134.98,310.9,119.79999999999995,265.70000000000005,1,1,0.0
1039,2,1237.18,294.51,41.62999999999988,215.95,1,1,1.0
1040,1,1136.0,310.9,119.79999999999995,265.70000000000005,1,1,0.0
1040,2,1237.1,294.5,41.600000000000136,215.95999999999998,1,1,1.0
1041,1,1137.03,310.9,119.79999999999995,265.70000000000005,1,1,0.0
1041,2,1237.02,294.5,41.569999999999936,215.95,1,1,1.0
1042,1,1138.92,310.78,117.66999999999985,265.11,1,1,0.0
1042,2,1236.95,294.49,41.52999999999997,215.95999999999998,1,1,1.0
1043,1,1140.81,310.66,115.54999999999995,264.50999999999993,1,1,0.0
1043,2,1236.87,294.49,41.5,215.95,1,1,1.0
1044,1,1142.7,310.55,113.43000000000006,263.91,1,1,0.0
1044,2,1236.79,294.49,41.47000000000003,215.95,1,1,1.0
1045,1,1144.59,310.43,111.31000000000017,263.31,1,1,0.0
1045,2,1236.71,294.48,41.450000000000045,215.95,1,1,1.0
1046,1,1146.48,310.31,109.18000000000006,262.71999999999997,1,1,0.0
1046,2,1236.63,294.48,41.419999999999845,215.95,1,1,1.0
1047,1,1148.37,310.19,107.06000000000017,262.11999999999995,1,1,0.0
1047,2,1236.55,294.47,41.3900000000001,215.95999999999998,1,1,1.0
1048,1,1150.27,310.07,104.93000000000006,261.53000000000003,1,1,0.0
1048,2,1236.47,294.47,41.3599999999999,215.95,1,1,1.0
1049,1,1151.64,310.17,104.93999999999983,260.79,1,1,0.0
1049,2,1236.39,294.47,41.32999999999993,215.95,1,1,1.0
1050,1,1153.02,310.26,104.94000000000005,260.04999999999995,1,1,0.0
1050,2,1236.31,294.46,41.309999999999945,215.95000000000005,1,1,1.0
1051,1,1154.4,310.35,104.93999999999983,259.31999999999994,1,1,0.0
1051,2,1236.23,294.46,41.27999999999997,215.95000000000005,1,1,1.0
1052,1,1155.78,310.44,104.94000000000005,258.59,1,1,0.0
1052,2,1236.15,294.45,41.25,215.96000000000004,1,1,1.0
1053,1,1157.16,310.53,104.93999999999983,257.85,1,1,0.0
1053,2,1236.07,294.45,41.22000000000003,215.95,1,1,1.0
1054,1,1158.54,310.62,104.94000000000005,257.12,1,1,0.0
1054,2,1235.99,294.45,41.190000000000055,215.95,1,1,1.0
1055,1,1159.92,310.72,104.93999999999983,256.37,1,1,0.0
1055,2,1235.91,294.44,41.169999999999845,215.95,1,1,1.0
1056,1,1161.3,310.81,104.93000000000006,255.64000000000004,1,1,0.0
1056,2,1235.83,294.44,41.1400000000001,215.95,1,1,1.0
1057,1,1162.68,310.9,104.92999999999984,254.90999999999997,1,1,0.0
1058,1,1168.49,310.9,99.11999999999989,254.90999999999997,1,1,0.0
1059,1,1174.3,310.9,93.30999999999995,254.90999999999997,1,1,0.0
1060,1,1174.3,310.9,93.30999999999995,253.17000000000007,1,1,0.0
1061,1,1174.3,310.9,93.30999999999995,251.44000000000005,1,1,0.0
1062,1,1174.3,310.9,93.30999999999995,249.71000000000004,1,1,0.0
1063,1,1174.3,310.9,93.30999999999995,247.98000000000002,1,1,0.0
1064,1,1174.3,310.9,93.30999999999995,246.25,1,1,0.0
1065,1,1174.3,310.9,93.30999999999995,244.51,1,1,0.0
1066,1,1174.3,310.9,93.30999999999995,242.77999999999997,1,1,0.0
1067,1,1174.3,310.9,93.30999999999995,241.05000000000007,1,1,0.0
1068,1,1174.3,310.9,93.30999999999995,239.32000000000005,1,1,0.0
1069,1,1174.3,310.9,93.30999999999995,237.59000000000003,1,1,0.0
1070,1,1174.3,310.9,93.30999999999995,235.85000000000002,1,1,0.0
1071,1,1174.3,310.9,93.30999999999995,234.12,1,1,0.0
1072,1,1174.3,310.9,93.30999999999995,232.39,1,1,0.0
1073,1,1174.3,310.9,93.30999999999995,230.65999999999997,1,1,0.0
1074,1,1174.3,310.9,93.30999999999995,228.92000000000007,1,1,0.0
1075,1,1174.3,310.9,93.30999999999995,227.19000000000005,1,1,0.0
1076,1,1174.3,310.9,93.30999999999995,225.46000000000004,1,1,0.0
1077,1,1174.3,310.9,93.30999999999995,223.73000000000002,1,1,0.0
1078,1,1174.3,310.9,93.30999999999995,222.0,1,1,0.0
1079,1,1174.3,310.9,93.30999999999995,220.26,1,1,0.0
1080,1,1174.3,310.9,93.30999999999995,218.52999999999997,1,1,0.0
1081,1,1174.3,310.9,93.30999999999995,216.80000000000007,1,1,0.0
1082,1,1174.3,310.9,88.47000000000003,216.80000000000007,1,1,0.0
1083,1,1174.3,310.9,83.62000000000012,216.80000000000007,1,1,0.0
1084,1,1174.3,310.9,78.77999999999997,216.80000000000007,1,1,0.0
1085,1,1174.3,310.9,73.93000000000006,216.80000000000007,1,1,0.0
1086,1,1174.3,310.9,69.09000000000015,216.80000000000007,1,1,0.0
1087,1,1174.3,310.9,64.24000000000001,216.80000000000007,1,1,0.0
1088,1,1174.3,310.9,59.40000000000009,216.80000000000007,1,1,0.0
1089,1,1174.3,310.9,58.25999999999999,215.65999999999997,1,1,0.0
1090,1,1174.3,310.9,57.11000000000013,214.51,1,1,0.0
1091,1,1174.3,310.9,55.97000000000003,213.37,1,1,0.0
1092,1,1174.3,310.9,54.830000000000155,212.23000000000002,1,1,0.0
1093,1,1174.3,310.9,53.690000000000055,211.09000000000003,1,1,0.0
1094,1,1174.3,310.9,52.539999999999964,209.94000000000005,1,1,0.0
1095,1,1174.3,310.9,51.40000000000009,208.80000000000007,1,1,0.0
1096,1,1174.3,310.9,50.25999999999999,207.65999999999997,1,1,0.0
1097,1,1174.3,310.9,49.11000000000013,206.51,1,1,0.0
1098,1,1174.3,310.9,47.97000000000003,205.37,1,1,0.0
1099,1,1174.3,310.9,46.830000000000155,204.23000000000002,1,1,0.0
1100,1,1174.3,310.9,45.690000000000055,203.09000000000003,1,1,0.0
1101,1,1174.3,310.9,44.539999999999964,201.94000000000005,1,1,0.0
1102,1,1174.3,310.9,43.40000000000009,200.8,1,1,0.0
1435,2,1205.7,292.89,30.299999999999955,215.95,1,1,1.0
1436,2,1203.54,292.89,32.460000000000036,215.95,1,1,1.0
1437,2,1201.38,292.89,34.61999999999989,215.95,1,1,1.0
1438,2,1199.22,292.89,36.77999999999997,215.95,1,1,1.0
1439,2,1197.06,292.89,38.940000000000055,215.95,1,1,1.0
1440,2,1194.9,292.89,41.09999999999991,215.95,1,1,1.0
1441,2,1193.24,292.89,42.75999999999999,215.95,1,1,1.0
1442,2,1191.59,292.89,44.41000000000008,215.95,1,1,1.0
1443,2,1189.93,292.89,46.069999999999936,215.95,1,1,1.0
1444,2,1188.27,292.89,47.73000000000002,215.95,1,1,1.0
1445,2,1186.61,292.89,49.3900000000001,215.95,1,1,1.0
1446,2,1184.96,292.89,51.039999999999964,215.95,1,1,1.0
1447,2,1183.3,292.89,52.700000000000045,215.95,1,1,1.0
1448,2,1183.3,292.89,52.700000000000045,219.81000000000006,1,1,1.0
1449,2,1183.3,292.89,52.700000000000045,223.66999999999996,1,1,1.0
1450,2,1183.3,292.89,52.700000000000045,227.52999999999997,1,1,1.0
1451,2,1183.3,292.89,52.700000000000045,231.39,1,1,1.0
1452,2,1183.3,292.89,52.700000000000045,235.25,1,1,1.0
1453,2,1183.3,292.89,52.700000000000045,239.11,1,1,1.0
1454,2,1183.3,294.27,52.700000000000045,239.11,1,1,1.0
1455,2,1183.3,295.65,52.700000000000045,239.11,1,1,1.0
1456,2,1183.3,297.03,52.700000000000045,239.11,1,1,1.0
1457,2,1176.7,297.03,63.84999999999991,239.11,1,1,1.0
1458,2,1170.1,297.03,75.0,239.11,1,1,1.0
1459,2,1169.27,300.62,75.0,239.10000000000002,1,1,1.0
1460,2,1168.44,304.2,75.0,239.10999999999996,1,1,1.0
1461,2,1167.62,307.79,75.0,239.10999999999996,1,1,1.0
1462,2,1167.21,307.79,82.04999999999995,239.10999999999996,1,1,1.0
1463,2,1166.8,307.79,89.10000000000014,239.10999999999996,1,1,1.0
1464,2,1166.14,307.46,89.09999999999991,239.11000000000007,1,1,1.0
1465,2,1165.48,307.13,89.09999999999991,239.10000000000002,1,1,1.0
1466,2,1164.81,306.8,89.10000000000014,239.09999999999997,1,1,1.0
1467,2,1164.15,306.46,89.09999999999991,239.11000000000007,1,1,1.0
1468,2,1163.49,306.13,89.09999999999991,239.11,1,1,1.0
1469,2,1162.66,306.13,89.09999999999991,239.11,1,1,1.0
1470,2,1161.84,306.13,89.09000000000015,239.11,1,1,1.0
1471,2,1161.01,306.13,89.09999999999991,239.11,1,1,1.0
1472,2,1160.18,306.13,89.09999999999991,239.11,1,1,1.0
1473,2,1159.35,306.13,89.10000000000014,239.11,1,1,1.0
1474,2,1158.53,306.13,89.08999999999992,239.11,1,1,1.0
1475,2,1156.73,306.0,89.09999999999991,241.02999999999997,1,1,1.0
1476,2,1154.94,305.86,89.09999999999991,242.97000000000003,1,1,1.0
1477,2,1153.15,305.72,89.09999999999991,244.89999999999998,1,1,1.0
1478,2,1151.35,305.58,89.10000000000014,246.82999999999998,1,1,1.0
1479,2,1149.56,305.44,89.10000000000014,248.77000000000004,1,1,1.0
1480,2,1147.77,305.31,89.09999999999991,250.69,1,1,1.0
1481,2,1145.29,305.93,89.09000000000015,250.69,1,1,1.0
1482,2,1142.8,306.55,89.10000000000014,250.69,1,1,1.0
1483,1,1189.2,281.11,23.0,40.49000000000001,1,1,0.0
1483,2,1140.32,307.17,89.10000000000014,250.69,1,1,1.0
1484,1,1189.2,281.11,28.799999999999955,63.69,1,1,0.0
1484,2,1137.84,307.79,89.10000000000014,250.69,1,1,1.0
1485,1,1189.2,281.11,38.299999999999955,74.03999999999996,1,1,0.0
1485,2,1135.35,307.79,89.10000000000014,250.69,1,1,1.0
1486,1,1189.2,281.11,47.799999999999955,84.38999999999999,1,1,0.0
1486,2,1132.87,307.79,89.10000000000014,250.69,1,1,1.0
1487,1,1189.2,281.11,58.149999999999864,107.53999999999996,1,1,0.0
1487,2,1130.39,307.79,89.09999999999991,250.69,1,1,1.0
1488,1,1189.2,281.11,68.5,130.69,1,1,0.0
1488,2,1127.91,307.79,89.09999999999991,250.69,1,1,1.0
1489,1,1189.2,281.11,68.5,159.39,1,1,0.0
1489,2,1124.87,305.31,89.10000000000014,255.10999999999996,1,1,1.0
1490,1,1189.2,281.11,68.5,188.08999999999997,1,1,0.0
1490,2,1121.84,302.82,89.10000000000014,259.54,1,1,1.0
1491,1,1189.2,281.11,68.5,216.78999999999996,1,1,0.0
1491,2,1118.8,300.34,89.10000000000014,263.96,1,1,1.0
1492,1,1189.2,281.11,69.50999999999999,218.5,1,1,0.0
1492,2,1118.33,300.38,89.09000000000015,265.17999999999995,1,1,1.0
1493,1,1189.2,281.11,70.50999999999999,220.21999999999997,1,1,0.0
1493,2,1117.85,300.43,89.10000000000014,266.40000000000003,1,1,1.0
1494,1,1189.2,281.11,71.51999999999998,221.93,1,1,0.0
1494,2,1117.37,300.47,89.10000000000014,267.62,1,1,1.0
1495,1,1189.2,281.11,72.52999999999997,223.64999999999998,1,1,0.0
1495,2,1116.89,300.52,89.09999999999991,268.83000000000004,1,1,1.0
1496,1,1189.2,281.11,73.53999999999996,225.36,1,1,0.0
1496,2,1116.41,300.56,89.09999999999991,270.06,1,1,1.0
1497,1,1189.2,281.11,74.53999999999996,227.07999999999998,1,1,0.0
1497,2,1115.93,300.6,89.09999999999991,271.28,1,1,1.0
1498,1,1189.2,281.11,75.54999999999995,228.78999999999996,1,1,0.0
1498,2,1115.45,300.65,89.09999999999991,272.49,1,1,1.0
1499,1,1189.2,281.11,76.55999999999995,230.5,1,1,0.0
1499,2,1114.97,300.69,89.09999999999991,273.71999999999997,1,1,1.0
1500,1,1189.2,281.11,77.55999999999995,232.22000000000003,1,1,0.0
1500,2,1114.49,300.73,89.09999999999991,274.93999999999994,1,1,1.0
1501,1,1189.2,281.11,78.56999999999994,233.92999999999995,1,1,0.0
1501,2,1114.01,300.78,89.09999999999991,276.15,1,1,1.0
1502,1,1189.2,281.11,79.57999999999993,235.64999999999998,1,1,0.0
1502,2,1113.53,300.82,89.10000000000014,277.37000000000006,1,1,1.0
1503,1,1189.2,281.11,80.58999999999992,237.36,1,1,0.0
1503,2,1113.06,300.86,89.09000000000015,278.6,1,1,1.0
1504,1,1189.2,281.11,81.58999999999992,239.08000000000004,1,1,0.0
1504,2,1112.58,300.91,89.10000000000014,279.81,1,1,1.0
1505,1,1189.2,281.11,82.59999999999991,240.78999999999996,1,1,0.0
1505,2,1112.1,300.95,89.10000000000014,281.03000000000003,1,1,1.0
1506,1,1189.36,286.07,82.61000000000013,240.8,1,1,0.0
1506,2,1111.62,300.99,89.10000000000014,282.26,1,1,1.0
1507,1,1189.53,291.04,82.60000000000014,240.79000000000002,1,1,0.0
1507,2,1111.14,301.04,89.09999999999991,283.46999999999997,1,1,1.0
1508,1,1189.7,296.0,82.59999999999991,240.79999999999995,1,1,0.0
1508,2,1110.66,301.08,89.09999999999991,284.69,1,1,1.0
1509,1,1189.86,300.97,82.60000000000014,240.78999999999996,1,1,0.0
1509,2,1110.18,301.13,89.09999999999991,285.90999999999997,1,1,1.0
1510,1,1190.03,305.94,82.60000000000014,240.79000000000002,1,1,0.0
1510,2,1109.7,301.17,89.09999999999991,287.12999999999994,1,1,1.0
1511,1,1193.34,306.35,82.60000000000014,240.78999999999996,1,1,0.0
1511,2,1107.74,301.69,90.65000000000009,287.13000000000005,1,1,1.0
1512,1,1196.65,306.76,82.59999999999991,240.79999999999995,1,1,0.0
1512,2,1105.77,302.2,92.21000000000004,287.13000000000005,1,1,1.0
1513,1,1195.87,306.76,83.38000000000011,240.79999999999995,1,1,0.0
1513,2,1103.8,302.72,93.76999999999998,287.13,1,1,1.0
1514,1,1195.09,306.76,84.16000000000008,240.79999999999995,1,1,0.0
1514,2,1101.84,303.24,95.31000000000017,287.13,1,1,1.0
1515,1,1194.31,306.76,84.94000000000005,240.79999999999995,1,1,0.0
1515,2,1099.87,303.76,96.87000000000012,287.13,1,1,1.0
1516,1,1193.54,306.76,85.71000000000004,240.79999999999995,1,1,0.0
1516,2,1097.91,304.27,98.41999999999985,287.13,1,1,1.0
1517,1,1192.76,306.76,86.49000000000001,240.79999999999995,1,1,0.0
1517,2,1095.94,304.79,99.98000000000002,287.12999999999994,1,1,1.0
1518,1,1191.98,306.76,87.26999999999998,240.79999999999995,1,1,0.0
1518,2,1093.98,305.31,101.52999999999997,287.13000000000005,1,1,1.0
1519,1,1191.2,306.76,88.04999999999995,240.79999999999995,1,1,0.0
1519,2,1092.97,305.05,101.52999999999997,288.65000000000003,1,1,1.0
1520,1,1190.42,306.76,88.82999999999993,240.79999999999995,1,1,0.0
1520,2,1091.96,304.8,101.52999999999997,290.16,1,1,1.0
1521,1,1189.65,306.76,89.59999999999991,240.79999999999995,1,1,0.0
1521,2,1090.95,304.55,101.52999999999997,291.67,1,1,1.0
1522,1,1188.87,306.76,90.38000000000011,240.79999999999995,1,1,0.0
1522,2,1089.95,304.3,101.52999999999997,293.17,1,1,1.0
1523,1,1188.09,306.76,91.16000000000008,240.79999999999995,1,1,0.0
1523,2,1088.94,304.05,101.52999999999997,294.68,1,1,1.0
1524,1,1187.31,306.76,91.94000000000005,240.79999999999995,1,1,0.0
1524,2,1087.93,303.8,101.52999999999997,296.19,1,1,1.0
1525,1,1186.53,306.76,92.72000000000003,240.79999999999995,1,1,0.0
1525,2,1086.92,303.54,101.52999999999997,297.71,1,1,1.0
1526,1,1185.76,306.76,93.49000000000001,240.79999999999995,1,1,0.0
1526,2,1085.92,303.29,101.52999999999997,299.21999999999997,1,1,1.0
1527,1,1184.98,306.76,94.26999999999998,240.79999999999995,1,1,0.0
1527,2,1084.91,303.04,101.52999999999997,300.72999999999996,1,1,1.0
1528,1,1184.2,306.76,95.04999999999995,240.79999999999995,1,1,0.0
1528,2,1083.9,302.79,101.52999999999997,302.23999999999995,1,1,1.0
1529,1,1185.86,306.93,93.54000000000019,240.79000000000002,1,1,0.0
1529,2,1082.89,302.54,101.52999999999997,303.74999999999994,1,1,1.0
1530,1,1187.51,307.09,92.03999999999996,240.8,1,1,0.0
1530,2,1081.89,302.28,101.52999999999997,305.27,1,1,1.0
1531,1,1189.17,307.26,90.52999999999997,240.78999999999996,1,1,0.0
1531,2,1080.88,302.03,101.52999999999997,306.78,1,1,1.0
1532,1,1190.82,307.43,89.02999999999997,240.79000000000002,1,1,0.0
1532,2,1079.87,301.78,101.5300000000002,308.2900000000001,1,1,1.0
1533,1,1192.48,307.59,87.51999999999998,240.79000000000002,1,1,0.0
1533,2,1078.86,301.53,101.5300000000002,309.80000000000007,1,1,1.0
1534,1,1192.48,307.59,87.51999999999998,245.13000000000005,1,1,0.0
1534,2,1077.86,301.28,101.5300000000002,311.31000000000006,1,1,1.0
1535,1,1192.48,307.59,87.51999999999998,249.46999999999997,1,1,0.0
1535,2,1076.85,301.02,101.5300000000002,312.82000000000005,1,1,1.0
1536,1,1192.48,307.59,87.51999999999998,253.81,1,1,0.0
1536,2,1075.84,300.77,101.52999999999997,314.33000000000004,1,1,1.0
1537,1,1192.48,307.59,87.51999999999998,258.15000000000003,1,1,0.0
1537,2,1074.83,300.52,101.53999999999996,315.84000000000003,1,1,1.0
1538,1,1192.48,307.59,87.51999999999998,262.49000000000007,1,1,0.0
1538,2,1073.83,300.27,101.52999999999997,317.35,1,1,1.0
1539,1,1192.48,307.59,87.51999999999998,266.83,1,1,0.0
1539,2,1072.82,300.02,101.52999999999997,318.86,1,1,1.0
1540,1,1192.48,307.59,87.51999999999998,271.17,1,1,0.0
1540,2,1071.81,299.77,101.52999999999997,320.37,1,1,1.0
1541,1,1192.48,307.59,87.51999999999998,275.51000000000005,1,1,0.0
1541,2,1070.8,299.51,101.53999999999996,321.89,1,1,1.0
1542,1,1191.65,307.59,88.34999999999991,275.51000000000005,1,1,0.0
1542,2,1068.45,299.51,103.88999999999987,321.89,1,1,1.0
1543,1,1190.82,307.59,89.18000000000006,275.51000000000005,1,1,0.0
1543,2,1066.09,299.51,106.25,321.89,1,1,1.0
1544,1,1189.99,307.59,90.00999999999999,275.51000000000005,1,1,0.0
1544,2,1063.73,299.51,108.6099999999999,321.89,1,1,1.0
1545,1,1189.17,307.59,90.82999999999993,275.51000000000005,1,1,0.0
1545,2,1061.37,299.51,110.97000000000003,321.89,1,1,1.0
1546,1,1188.34,307.59,91.66000000000008,275.51000000000005,1,1,0.0
1546,2,1059.02,299.51,113.31999999999994,321.89,1,1,1.0
1547,1,1187.51,307.59,92.49000000000001,275.51000000000005,1,1,0.0
1547,2,1056.66,299.51,115.67999999999984,321.89,1,1,1.0
1548,1,1186.68,307.59,93.31999999999994,275.51000000000005,1,1,0.0
1548,2,1054.3,299.51,118.03999999999996,321.89,1,1,1.0
1549,1,1185.86,307.59,94.1400000000001,275.51000000000005,1,1,0.0
1549,2,1053.0,299.4,118.03999999999996,323.30000000000007,1,1,1.0
1550,1,1185.03,307.59,94.97000000000003,275.51000000000005,1,1,0.0
1550,2,1051.7,299.28,118.03999999999996,324.72,1,1,1.0
1551,1,1184.2,307.59,95.79999999999995,275.51000000000005,1,1,0.0
1551,2,1050.4,299.16,118.02999999999997,326.13999999999993,1,1,1.0
1552,1,1182.33,307.59,97.67000000000007,275.51000000000005,1,1,0.0
1552,2,1049.1,299.04,118.0300000000002,327.56,1,1,1.0
1553,1,1180.45,307.59,99.54999999999995,275.51000000000005,1,1,0.0
1553,2,1047.8,298.92,118.02999999999997,328.97999999999996,1,1,1.0
1554,1,1178.58,307.59,101.42000000000007,275.51000000000005,1,1,0.0
1554,2,1046.5,298.8,118.02999999999997,330.40000000000003,1,1,1.0
1555,1,1176.7,307.59,103.29999999999995,275.51000000000005,1,1,0.0
1555,2,1045.2,298.69,118.02999999999997,331.81,1,1,1.0
1556,1,1174.54,307.59,105.46000000000004,275.51000000000005,1,1,0.0
1556,2,1042.06,298.69,121.17000000000007,331.81,1,1,1.0
1557,1,1172.38,307.59,107.61999999999989,275.51000000000005,1,1,0.0
1557,2,1038.92,298.69,124.30999999999995,331.81,1,1,1.0
1558,1,1170.22,307.59,109.77999999999997,275.51000000000005,1,1,0.0
1558,2,1035.78,298.69,127.45000000000005,331.81,1,1,1.0
1559,1,1168.06,307.59,111.94000000000005,275.51000000000005,1,1,0.0
1559,2,1032.64,298.69,130.58999999999992,331.81,1,1,1.0
1560,1,1165.9,307.59,114.09999999999991,275.51000000000005,1,1,0.0
1560,2,1029.5,298.69,133.73000000000002,331.81,1,1,1.0
1561,1,1165.9,306.18,114.09999999999991,279.76000000000005,1,1,0.0
1561,2,1025.77,296.21,136.23000000000002,339.67,1,1,1.0
1562,1,1165.9,304.77,114.09999999999991,284.02,1,1,0.0
1562,2,1022.05,293.74,138.72000000000003,347.51,1,1,1.0
1563,1,1165.9,303.35,114.09999999999991,288.28,1,1,0.0
1563,2,1018.32,291.27,141.20999999999992,355.35,1,1,1.0
1564,1,1165.9,301.94,114.09999999999991,292.53000000000003,1,1,0.0
1564,2,1014.6,288.8,143.69999999999993,363.2,1,1,1.0
1565,1,1165.9,300.53,114.09999999999991,296.78,1,1,0.0
1565,2,1012.48,288.8,143.70000000000005,363.2,1,1,1.0
1566,1,1165.9,299.11,114.09999999999991,301.04999999999995,1,1,0.0
1566,2,1010.37,288.8,143.69999999999993,363.2,1,1,1.0
1567,1,1165.9,297.7,114.09999999999991,305.3,1,1,0.0
1567,2,1008.25,288.8,143.70000000000005,363.2,1,1,1.0
1568,1,1164.52,297.7,115.48000000000002,305.3,1,1,0.0
1568,2,1006.14,288.8,143.69999999999993,363.2,1,1,1.0
1569,1,1163.13,297.7,116.86999999999989,305.3,1,1,0.0
1569,2,1004.02,288.8,143.70000000000005,363.2,1,1,1.0
1570,1,1161.75,297.7,118.25,305.3,1,1,0.0
1570,2,1001.91,288.8,143.69999999999993,363.2,1,1,1.0
1571,1,1160.37,297.7,119.63000000000011,305.3,1,1,0.0
1571,2,999.79,288.8,143.70000000000005,363.2,1,1,1.0
1572,1,1158.98,297.7,121.01999999999998,305.3,1,1,0.0
1572,2,997.68,288.8,143.70000000000016,363.2,1,1,1.0
1573,1,1157.6,297.7,122.40000000000009,305.3,1,1,0.0
1573,2,995.56,288.8,143.70000000000005,363.2,1,1,1.0
1574,1,1153.88,297.7,126.11999999999989,305.3,1,1,0.0
1574,2,992.88,289.21,143.69999999999993,367.54,1,1,1.0
1575,1,1150.15,297.7,129.8499999999999,305.3,1,1,0.0
1575,2,990.19,289.63,143.70000000000005,371.87,1,1,1.0
1576,1,1146.43,297.7,133.56999999999994,305.3,1,1,0.0
1576,2,987.5,290.04,143.70000000000005,376.21,1,1,1.0
1577,1,1142.7,297.7,137.29999999999995,305.3,1,1,0.0
1577,2,984.81,290.46,143.70000000000005,380.54,1,1,1.0
1578,1,1141.32,297.7,137.29999999999995,305.3,1,1,0.0
1578,2,983.06,290.27,143.70000000000005,382.65999999999997,1,1,1.0
1579,1,1139.94,297.7,137.29999999999995,305.3,1,1,0.0
1579,2,981.31,290.09,143.70000000000005,384.78000000000003,1,1,1.0
1580,1,1138.56,297.7,137.29999999999995,305.3,1,1,0.0
1580,2,979.57,289.9,143.69999999999993,386.9,1,1,1.0
1581,1,1137.18,297.7,137.29999999999995,305.3,1,1,0.0
1581,2,977.82,289.72,143.69999999999993,389.01,1,1,1.0
1582,1,1135.8,297.7,137.29999999999995,305.3,1,1,0.0
1582,2,976.07,289.54,143.69999999999993,391.12999999999994,1,1,1.0
1583,1,1134.42,297.7,137.29999999999995,305.3,1,1,0.0
1583,2,974.32,289.35,143.69999999999993,393.25,1,1,1.0
1584,1,1133.04,297.7,137.29999999999995,305.3,1,1,0.0
1584,2,972.58,289.17,143.69999999999993,395.35999999999996,1,1,1.0
1585,1,1131.66,297.7,137.29999999999995,305.3,1,1,0.0
1585,2,970.83,288.98,143.69999999999993,397.49,1,1,1.0
1586,1,1130.29,297.7,137.29999999999995,305.3,1,1,0.0
1586,2,969.08,288.8,143.69999999999993,399.59999999999997,1,1,1.0
1587,1,1129.98,297.93,137.29999999999995,307.92,1,1,0.0
1587,2,967.35,288.65,143.69999999999993,399.6,1,1,1.0
1588,1,1129.68,298.15,137.29999999999995,310.56000000000006,1,1,0.0
1588,2,965.62,288.5,143.69999999999993,399.6,1,1,1.0
1589,1,1129.38,298.38,137.29999999999995,313.17999999999995,1,1,0.0
1589,2,963.89,288.35,143.69999999999993,399.6,1,1,1.0
1590,1,1129.08,298.6,137.30000000000018,315.81999999999994,1,1,0.0
1590,2,962.16,288.2,143.69999999999993,399.59999999999997,1,1,1.0
1591,1,1128.78,298.83,137.29999999999995,318.44,1,1,0.0
1591,2,960.43,288.05,143.70000000000016,399.59999999999997,1,1,1.0
1592,1,1128.48,299.05,137.29999999999995,321.08,1,1,0.0
1592,2,958.7,287.9,143.70000000000005,399.6,1,1,1.0
1593,1,1128.18,299.28,137.29999999999995,323.70000000000005,1,1,0.0
1593,2,956.97,287.75,143.70000000000005,399.6,1,1,1.0
1594,1,1127.88,299.51,137.29999999999995,326.33000000000004,1,1,0.0
1594,2,955.24,287.6,143.70000000000005,399.6,1,1,1.0
1595,1,1127.58,299.73,137.30000000000018,328.96000000000004,1,1,0.0
1595,2,953.51,287.45,143.70000000000005,399.59999999999997,1,1,1.0
1596,1,1127.28,299.96,137.29999999999995,331.59,1,1,0.0
1596,2,951.78,287.3,143.70000000000005,399.59999999999997,1,1,1.0
1597,1,1126.97,300.18,137.29999999999995,334.21999999999997,1,1,0.0
1597,2,950.05,287.14,143.70000000000005,399.6,1,1,1.0
1598,1,1128.13,298.27,137.29999999999995,337.28999999999996,1,1,0.0
1598,2,945.24,285.74,147.51,403.98,1,1,1.0
1599,1,1129.29,296.37,137.29999999999995,340.35,1,1,0.0
1599,2,940.44,284.34,151.31999999999994,408.36000000000007,1,1,1.0
1600,1,1130.45,294.46,137.29999999999995,343.42,1,1,0.0
1600,2,935.63,282.93,155.13,412.74999999999994,1,1,1.0
1601,1,1131.61,292.55,137.30000000000018,346.48999999999995,1,1,0.0
1601,2,930.83,281.53,158.93999999999994,417.13,1,1,1.0
1602,1,1132.77,290.64,137.29999999999995,349.56000000000006,1,1,0.0
1602,2,926.02,280.12,162.75,421.52,1,1,1.0
1603,1,1133.93,288.73,137.29999999999995,352.63,1,1,0.0
1603,2,921.22,278.72,166.55999999999995,425.9,1,1,1.0
1604,1,1135.08,286.82,137.30000000000018,355.7,1,1,0.0
1604,2,916.41,277.31,170.37,430.29,1,1,1.0
1605,1,1136.24,284.92,137.29999999999995,358.75999999999993,1,1,0.0
1605,2,911.61,275.91,174.17999999999995,434.67,1,1,1.0
1606,1,1137.4,283.01,137.29999999999995,361.83000000000004,1,1,0.0
1606,2,906.8,274.5,178.0,439.05999999999995,1,1,1.0
1607,1,1138.56,281.1,137.29999999999995,364.9,1,1,0.0
1607,2,902.0,273.1,181.79999999999995,443.43999999999994,1,1,1.0
1608,1,1138.56,281.1,137.29999999999995,364.9,1,1,0.0
1608,2,890.28,273.1,197.51999999999998,443.43999999999994,1,1,1.0
1609,1,1138.56,281.1,137.29999999999995,364.9,1,1,0.0
1609,2,878.57,273.1,213.2299999999999,443.43999999999994,1,1,1.0
1610,1,1138.56,281.1,137.29999999999995,364.9,1,1,0.0
1610,2,866.85,273.1,228.94999999999993,443.43999999999994,1,1,1.0
1611,1,1138.56,281.1,137.29999999999995,364.9,1,1,0.0
1611,2,855.13,273.1,244.66999999999996,443.43999999999994,1,1,1.0
1612,1,1138.56,281.1,137.29999999999995,364.9,1,1,0.0
1612,2,843.42,273.1,260.38,443.43999999999994,1,1,1.0
1613,1,1138.56,281.1,137.29999999999995,364.9,1,1,0.0
1613,2,831.7,273.1,276.0999999999999,443.43999999999994,1,1,1.0
