1,1,579.88,282.79,188.01999999999998,438.43,1,1,1.0
2,1,574.97,280.68,186.74,433.57,1,1,1.0
3,1,575.73,280.35,182.75,429.27,1,1,1.0
4,1,575.76,279.37,182.09000000000003,430.85,1,1,1.0
5,1,575.39,279.0,182.03999999999996,429.88,1,1,1.0
6,1,572.43,278.62,182.85000000000002,433.36,1,1,1.0
7,1,571.44,278.09,182.4699999999999,432.84,1,1,1.0
8,1,570.0,277.5,183.52999999999997,432.1,1,1,1.0
9,1,568.13,277.17,183.88,431.37999999999994,1,1,1.0
10,1,565.46,275.5,186.18999999999994,435.53999999999996,1,1,1.0
11,1,563.48,276.35,187.39,434.25,1,1,1.0
12,1,561.51,275.73,185.52999999999997,435.35,1,1,1.0
13,1,559.01,276.46,187.11,434.05,1,1,1.0
14,1,556.58,276.2,186.43999999999994,434.71,1,1,1.0
15,1,553.89,275.95,186.75,435.09999999999997,1,1,1.0
16,1,552.34,275.66,184.52999999999997,434.69,1,1,1.0
17,1,550.43,276.33,183.0300000000001,433.31,1,1,1.0
18,1,547.78,275.76,184.49,433.75,1,1,1.0
19,1,544.46,275.22,183.76999999999998,433.53999999999996,1,1,1.0
20,1,541.03,275.16,182.39,437.83,1,1,1.0
21,1,537.31,273.78,180.6400000000001,436.0400000000001,1,1,1.0
22,1,533.82,273.6,179.64,438.55999999999995,1,1,1.0
23,1,530.36,275.38,178.99,434.53999999999996,1,1,1.0
24,1,526.98,275.56,178.74,435.91,1,1,1.0
25,1,523.71,277.85,178.05999999999995,429.65,1,1,1.0
26,1,520.13,278.73,178.02999999999997,429.76,1,1,1.0
27,1,516.57,280.7,177.27999999999997,429.84999999999997,1,1,1.0
28,1,513.86,281.75,177.30999999999995,430.21000000000004,1,1,1.0
29,1,509.6,281.46,177.60000000000002,427.59999999999997,1,1,1.0
30,1,507.72,279.35,178.27999999999997,431.98,1,1,1.0
31,1,508.04,278.5,175.18,430.80999999999995,1,1,1.0
32,1,506.14,278.64,174.57000000000005,432.34000000000003,1,1,1.0
33,1,505.06,277.65,172.43,434.49,1,1,1.0
34,1,504.83,278.51,171.53000000000003,433.6,1,1,1.0
35,1,501.82,278.92,171.62000000000006,433.09999999999997,1,1,1.0
36,1,503.46,279.2,168.96999999999997,431.62000000000006,1,1,1.0
37,1,503.74,278.81,167.14999999999998,429.59999999999997,1,1,1.0
38,1,502.7,279.04,166.82,431.03000000000003,1,1,1.0
39,1,504.34,280.12,163.71999999999997,430.54999999999995,1,1,1.0
40,1,503.56,279.47,162.95,432.17999999999995,1,1,1.0
41,1,502.93,278.36,164.41000000000003,432.15,1,1,1.0
42,1,502.31,278.96,163.48999999999995,432.07,1,1,1.0
43,1,502.68,279.62,162.18,430.52,1,1,1.0
44,1,504.78,279.35,160.35000000000002,429.67999999999995,1,1,1.0
45,1,504.63,279.52,159.17999999999995,428.23,1,1,1.0
46,1,505.81,278.98,158.45999999999998,431.54999999999995,1,1,1.0
47,1,505.99,278.42,156.93999999999994,428.96999999999997,1,1,1.0
48,1,504.46,280.18,158.48000000000008,429.07,1,1,1.0
49,1,506.72,281.11,157.0,430.03,1,1,1.0
50,1,507.17,282.14,155.97999999999996,426.03999999999996,1,1,1.0
51,1,507.49,281.82,154.86,429.08,1,1,1.0
52,1,509.65,280.99,154.56000000000006,426.83000000000004,1,1,1.0
53,1,510.84,282.73,155.27000000000004,426.86,1,1,1.0
54,1,512.34,280.92,152.49,432.13999999999993,1,1,1.0
55,1,513.6,280.59,151.68999999999994,426.96999999999997,1,1,1.0
56,1,513.69,281.05,153.26999999999998,426.86999999999995,1,1,1.0
57,1,515.59,283.95,153.58999999999992,424.97999999999996,1,1,1.0
58,1,517.62,281.9,149.84000000000003,429.63,1,1,1.0
59,1,518.07,281.73,150.16999999999996,430.24,1,1,1.0
60,1,519.05,282.18,150.3900000000001,429.26000000000005,1,1,1.0
61,1,519.42,281.42,149.94000000000005,428.61999999999995,1,1,1.0
62,1,520.09,280.87,149.64,427.96000000000004,1,1,1.0
63,1,519.14,280.72,150.96000000000004,425.56999999999994,1,1,1.0
64,1,518.04,280.39,151.66000000000008,428.81000000000006,1,1,1.0
65,1,519.69,280.48,151.40999999999997,427.03999999999996,1,1,1.0
66,1,519.16,282.42,152.81000000000006,424.45,1,1,1.0
67,1,516.82,280.2,154.40999999999997,427.55,1,1,1.0
68,1,518.72,281.58,152.82999999999993,424.88000000000005,1,1,1.0
69,1,517.15,280.45,153.79000000000008,422.74000000000007,1,1,1.0
70,1,516.39,281.08,153.53999999999996,425.76000000000005,1,1,1.0
71,1,517.8,280.69,153.06000000000006,423.85999999999996,1,1,1.0
72,1,515.61,281.81,153.53999999999996,424.66,1,1,1.0
73,1,517.25,281.53,153.57000000000005,423.0400000000001,1,1,1.0
74,1,515.59,280.25,153.61,424.88,1,1,1.0
75,1,514.47,282.26,154.32999999999993,422.59000000000003,1,1,1.0
76,1,514.6,280.47,153.39,423.88,1,1,1.0
77,1,513.17,281.1,154.99,426.22,1,1,1.0
78,1,512.66,280.56,155.33000000000004,425.48999999999995,1,1,1.0
79,1,511.96,279.42,154.59999999999997,424.96,1,1,1.0
80,1,510.28,280.23,155.39,428.0799999999999,1,1,1.0
81,1,509.81,280.9,154.69,426.09000000000003,1,1,1.0
82,1,508.18,282.09,155.21999999999997,422.96,1,1,1.0
83,1,507.19,280.23,154.84999999999997,423.35,1,1,1.0
84,1,503.15,281.43,156.89,426.03000000000003,1,1,1.0
85,1,503.08,282.7,155.47999999999996,423.06,1,1,1.0
86,1,503.62,280.27,154.51,424.64,1,1,1.0
87,1,499.5,281.15,156.70000000000005,425.47,1,1,1.0
88,1,499.71,283.37,154.57,422.0,1,1,1.0
89,1,498.71,282.37,154.44,423.16999999999996,1,1,1.0
90,1,495.96,281.97,156.29000000000002,427.04999999999995,1,1,1.0
91,1,495.01,282.43,154.44000000000005,425.74999999999994,1,1,1.0
92,1,493.57,281.36,154.12000000000006,424.44999999999993,1,1,1.0
93,1,490.6,282.55,154.27999999999997,423.84999999999997,1,1,1.0
94,1,488.81,282.53,155.21999999999997,422.02,1,1,1.0
95,1,486.99,283.14,156.74,421.91999999999996,1,1,1.0
96,1,484.43,284.93,156.65000000000003,417.56,1,1,1.0
97,1,482.84,285.54,156.48000000000008,421.7,1,1,1.0
98,1,481.56,285.92,156.65000000000003,418.59999999999997,1,1,1.0
99,1,479.9,286.46,157.5,418.45,1,1,1.0
100,1,479.9,286.46,157.5,418.45,1,1,1.0
101,1,479.9,286.46,157.5,418.45,1,1,1.0
102,1,479.9,286.46,157.5,418.45,1,1,1.0
103,2,0.0,249.96,61.75,469.5999999999999,1,1,1.0
103,1,479.9,286.46,157.5,418.45,1,1,1.0
104,2,0.0,226.1,61.75,493.4599999999999,1,1,1.0
104,1,479.9,286.46,157.5,418.45,1,1,1.0
105,2,0.0,226.1,114.0,493.4599999999999,1,1,1.0
105,1,479.9,286.46,157.5,418.45,1,1,1.0
106,2,0.0,180.2,114.0,539.3599999999999,1,1,1.0
106,1,479.9,286.46,157.5,418.45,1,1,1.0
107,2,0.0,180.2,152.5,539.3599999999999,1,1,1.0
107,1,479.9,286.46,157.5,418.45,1,1,1.0
108,2,0.0,180.2,167.2,539.3599999999999,1,1,1.0
108,1,479.9,286.46,157.5,418.45,1,1,1.0
109,2,0.0,180.2,181.9,539.3599999999999,1,1,1.0
109,1,479.9,286.46,157.5,418.45,1,1,1.0
110,2,0.0,181.1,198.4,538.4599999999999,1,1,1.0
110,1,479.9,286.46,157.5,418.45,1,1,1.0
111,2,0.0,181.1,213.1,538.4599999999999,1,1,1.0
111,1,479.9,286.46,157.5,418.45,1,1,1.0
112,2,0.0,182.9,226.9,536.66,1,1,1.0
112,1,479.9,286.46,157.5,418.45,1,1,1.0
113,2,0.0,182.9,245.2,536.66,1,1,1.0
113,1,479.9,286.46,157.5,418.45,1,1,1.0
114,2,4.6,182.9,257.09999999999997,536.66,1,1,1.0
114,1,479.9,286.46,157.5,418.45,1,1,1.0
115,2,0.0,182.9,279.1,536.66,1,1,1.0
115,1,479.9,286.46,157.5,418.45,1,1,1.0
116,2,43.1,199.4,250.70000000000002,520.16,1,1,1.0
116,1,479.9,286.46,157.5,418.45,1,1,1.0
117,2,82.5,204.0,228.7,514.65,1,1,1.0
117,1,479.9,286.46,157.5,418.45,1,1,1.0
118,2,89.8,204.0,262.7,514.65,1,1,1.0
118,1,479.9,286.46,157.5,418.45,1,1,1.0
119,2,121.9,204.0,261.79999999999995,514.65,1,1,1.0
119,1,479.9,286.46,157.5,418.45,1,1,1.0
120,2,145.7,211.3,259.1,508.7,1,1,1.0
120,1,479.9,286.46,157.5,418.45,1,1,1.0
121,2,162.21,211.3,259.1,508.7,1,1,1.0
121,1,479.9,286.46,157.5,418.45,1,1,1.0
122,2,179.64,208.55,259.1,508.7,1,1,1.0
122,1,479.9,286.46,157.5,418.45,1,1,1.0
123,2,217.24,207.63,259.09999999999997,508.70000000000005,1,1,1.0
123,1,479.9,286.46,157.5,418.45,1,1,1.0
124,2,217.24,215.9,259.09999999999997,500.43000000000006,1,1,1.0
124,1,479.9,286.46,157.5,418.45,1,1,1.0
125,2,262.19,216.82,259.09999999999997,500.43,1,1,1.0
125,1,479.9,286.46,157.5,418.45,1,1,1.0
126,2,280.53,217.74,259.1,500.42999999999995,1,1,1.0
126,1,479.9,286.46,157.5,418.45,1,1,1.0
127,2,293.37,217.74,259.1,500.42999999999995,1,1,1.0
127,1,479.9,286.46,157.5,418.45,1,1,1.0
128,2,302.54,217.74,259.09999999999997,500.42999999999995,1,1,1.0
128,1,479.9,286.46,157.5,418.45,1,1,1.0
129,2,318.5,217.74,244.98000000000002,500.42999999999995,1,1,1.0
129,1,479.9,286.46,157.5,418.45,1,1,1.0
130,2,306.21,217.74,259.09999999999997,500.42999999999995,1,1,1.0
130,1,479.9,286.46,157.5,418.45,1,1,1.0
131,2,355.8,216.82,215.93,500.43,1,1,1.0
131,1,479.9,286.46,157.5,418.45,1,1,1.0
132,2,364.9,216.82,213.25,500.43,1,1,1.0
132,1,479.9,286.46,157.5,418.45,1,1,1.0
133,2,381.4,216.82,205.02999999999997,500.43,1,1,1.0
133,1,479.9,286.46,157.5,418.45,1,1,1.0
134,2,397.9,216.82,196.80000000000007,500.43,1,1,1.0
134,1,479.9,286.46,157.5,418.45,1,1,1.0
135,2,430.1,216.82,180.29999999999995,500.43,1,1,1.0
135,1,479.9,286.46,157.5,418.45,1,1,1.0
136,2,448.14,219.17,180.30000000000007,500.43000000000006,1,1,1.0
136,1,479.9,286.46,157.5,418.45,1,1,1.0
137,2,468.53,219.96,180.30000000000007,500.03999999999996,1,1,1.0
137,1,479.9,286.46,157.5,418.45,1,1,1.0
138,2,486.57,222.31,180.3,497.69,1,1,1.0
138,1,479.9,286.46,157.5,418.45,1,1,1.0
139,2,508.53,223.88,180.30000000000007,496.12,1,1,1.0
139,1,479.9,286.46,157.5,418.45,1,1,1.0
140,2,522.65,227.8,180.30000000000007,492.2,1,1,1.0
140,1,479.9,286.46,157.5,418.45,1,1,1.0
141,2,543.04,222.31,192.86,492.2,1,1,1.0
141,1,479.9,286.46,157.5,418.45,1,1,1.0
142,2,555.59,222.31,192.86,492.2,1,1,1.0
142,1,479.9,286.46,157.5,418.45,1,1,1.0
143,2,572.06,227.8,192.86,492.2,1,1,1.0
143,1,479.9,286.46,157.5,418.45,1,1,1.0
144,2,586.17,229.37,192.86,490.63,1,1,1.0
144,1,479.9,286.46,157.5,418.45,1,1,0.0
145,2,601.86,229.37,192.86,490.63,1,1,1.0
145,1,478.27,286.2,158.48000000000002,419.76000000000005,1,1,0.0
146,2,619.11,229.37,192.86,490.63,1,1,1.0
146,1,476.64,285.94,159.46000000000004,421.07,1,1,0.0
147,2,630.88,231.72,192.86,488.28,1,1,1.0
147,1,475.0,285.68,160.45000000000005,422.37999999999994,1,1,0.0
148,2,638.72,231.72,192.86,488.28,1,1,1.0
148,1,473.37,285.42,161.42999999999995,423.69,1,1,0.0
149,2,650.48,231.72,192.87,488.28,1,1,1.0
149,1,471.74,285.16,162.40999999999997,424.99999999999994,1,1,0.0
150,2,662.25,230.93,192.86,488.28000000000003,1,1,1.0
150,1,470.1,284.9,163.39999999999998,426.30000000000007,1,1,0.0
151,2,674.01,230.93,207.78999999999996,488.28000000000003,1,1,1.0
151,1,468.47,284.63,164.38,427.62,1,1,0.0
152,2,692.05,230.93,218.75,488.28000000000003,1,1,1.0
152,1,466.84,284.37,165.36000000000007,428.92999999999995,1,1,0.0
153,2,692.05,230.93,237.55000000000007,488.28000000000003,1,1,1.0
153,1,465.2,284.11,166.34999999999997,430.24,1,1,0.0
154,2,711.66,231.72,237.55000000000007,488.28,1,1,1.0
154,1,463.57,283.85,167.32999999999998,431.54999999999995,1,1,0.0
155,2,711.66,231.72,249.34000000000003,488.28,1,1,1.0
155,1,461.93,283.59,168.32,432.86000000000007,1,1,0.0
156,2,726.56,233.31,243.09000000000003,485.51000000000005,1,1,1.0
156,1,460.3,283.33,169.3,434.17,1,1,0.0
157,2,741.47,234.9,236.82999999999993,482.75,1,1,1.0
157,1,459.52,283.33,169.30000000000007,434.17,1,1,0.0
158,2,766.52,238.04,215.70000000000005,481.96000000000004,1,1,1.0
158,1,458.73,283.33,169.29999999999995,434.17,1,1,0.0
159,2,780.6,245.9,201.62,474.1,1,1,1.0
159,1,457.43,283.33,169.29000000000002,434.17,1,1,0.0
160,2,788.05,245.9,201.62,474.1,1,1,1.0
160,1,456.12,283.33,169.29999999999995,434.17,1,1,0.0
161,2,795.5,245.9,201.62,474.1,1,1,1.0
161,1,454.81,283.33,169.3,434.17,1,1,0.0
162,2,822.18,245.9,180.42000000000007,474.1,1,1,1.0
162,1,454.03,283.33,169.30000000000007,434.17,1,1,0.0
163,2,827.67,245.9,189.0200000000001,474.1,1,1,1.0
163,1,453.24,283.33,169.29999999999995,434.17,1,1,0.0
164,2,827.67,245.9,215.73000000000013,474.1,1,1,1.0
164,1,452.46,283.33,169.3,434.17,1,1,0.0
165,2,837.09,246.69,229.00999999999988,473.31,1,1,1.0
165,1,451.67,283.33,169.3,434.17,1,1,0.0
166,2,829.2,246.69,262.79999999999995,473.31,1,1,1.0
166,1,451.52,283.33,169.30000000000007,434.17,1,1,0.0
167,2,820.6,246.69,296.4999999999999,473.31,1,1,1.0
167,1,451.36,283.33,169.29999999999995,434.17,1,1,0.0
168,2,813.5,246.69,324.0,473.31,1,1,1.0
168,1,451.2,283.33,169.3,434.17,1,1,0.0
169,2,803.3,246.69,357.70000000000005,473.31,1,1,1.0
169,1,451.05,283.33,169.3,434.17,1,1,0.0
170,2,787.6,246.69,387.4999999999999,473.31,1,1,1.0
170,1,450.89,283.33,169.30000000000007,434.17,1,1,0.0
171,2,775.1,246.69,412.4999999999999,473.31,1,1,1.0
171,1,450.73,283.33,169.29999999999995,434.17,1,1,0.0
172,2,766.1,246.69,426.19999999999993,473.31,1,1,1.0
172,1,450.58,283.33,169.3,434.17,1,1,0.0
173,2,757.1,246.69,439.9,473.31,1,1,1.0
173,1,450.42,283.33,169.3,434.17,1,1,0.0
174,2,748.5,246.69,448.5,473.31,1,1,1.0
174,1,450.26,283.33,169.29999999999995,434.17,1,1,0.0
175,2,748.5,246.69,442.5,473.31,1,1,1.0
175,1,450.11,283.33,169.29999999999995,434.17,1,1,0.0
176,2,748.5,246.69,436.5,473.31,1,1,1.0
176,1,449.95,283.33,169.3,434.17,1,1,0.0
177,2,748.5,246.69,430.5,473.31,1,1,1.0
177,1,449.79,283.33,169.3,434.17,1,1,0.0
178,2,748.5,246.69,418.0,473.31,1,1,1.0
178,1,449.64,283.33,169.30000000000007,434.17,1,1,0.0
179,2,752.4,253.0,406.30000000000007,467.0,1,1,1.0
179,1,449.48,283.33,169.29999999999995,434.17,1,1,0.0
180,2,761.8,253.0,387.5,467.0,1,1,1.0
180,1,449.32,283.33,169.3,434.17,1,1,0.0
181,2,773.6,253.0,375.69999999999993,467.0,1,1,1.0
181,1,449.88,283.22,169.29999999999995,434.16999999999996,1,1,0.0
182,2,786.9,253.0,353.0000000000001,467.0,1,1,1.0
182,1,450.44,283.1,169.3,434.17999999999995,1,1,0.0
183,2,810.4,253.0,329.5000000000001,467.0,1,1,1.0
183,1,451.0,282.99,169.29999999999995,434.16999999999996,1,1,0.0
184,2,826.9,253.0,302.0000000000001,467.0,1,1,1.0
184,1,451.56,282.88,169.3,434.16999999999996,1,1,0.0
185,2,844.9,253.0,284.0000000000001,467.0,1,1,1.0
185,1,452.12,282.77,169.29999999999995,434.1700000000001,1,1,0.0
186,2,865.3,253.0,263.60000000000014,467.0,1,1,1.0
186,1,452.68,282.66,169.3,434.17,1,1,0.0
187,2,875.5,253.0,253.4000000000001,467.0,1,1,1.0
187,1,453.24,282.54,169.29999999999995,434.17,1,1,0.0
188,2,885.7,253.0,243.20000000000005,467.0,1,1,1.0
188,1,450.1,282.54,172.43999999999994,434.17,1,1,0.0
189,2,899.8,253.0,229.10000000000014,467.0,1,1,1.0
189,1,450.88,282.54,171.65999999999997,434.17,1,1,0.0
190,2,903.97,253.0,224.93000000000006,467.0,1,1,1.0
190,1,451.65,282.54,170.89,434.17,1,1,0.0
191,2,908.13,253.0,220.7700000000001,467.0,1,1,1.0
191,1,452.43,282.54,170.10999999999996,434.17,1,1,0.0
192,2,912.3,253.0,216.60000000000014,467.0,1,1,1.0
192,1,453.2,282.54,169.33999999999997,434.17,1,1,0.0
193,2,916.6,263.2,214.2499999999999,456.8,1,1,1.0
193,1,453.2,282.54,172.87000000000006,434.17,1,1,0.0
194,2,920.9,273.4,211.89999999999998,446.6,1,1,1.0
194,1,453.2,282.54,176.40000000000003,434.17,1,1,0.0
195,2,920.9,273.4,212.0200000000001,446.6,1,1,1.0
195,1,454.77,282.54,176.39999999999998,434.17,1,1,0.0
196,2,920.9,273.4,212.13,446.6,1,1,1.0
196,1,456.34,282.54,176.40000000000003,434.17,1,1,0.0
197,2,920.9,273.4,212.2500000000001,446.6,1,1,1.0
197,1,458.21,282.54,175.78000000000003,434.17,1,1,0.0
198,2,920.9,273.4,212.37,446.6,1,1,1.0
198,1,460.08,282.54,175.16000000000003,434.17,1,1,0.0
199,2,920.9,273.4,212.48000000000013,446.6,1,1,1.0
199,1,461.96,282.54,174.53000000000003,434.17,1,1,0.0
200,2,920.9,273.4,212.60000000000002,446.6,1,1,1.0
200,1,463.83,282.54,173.92000000000002,434.17,1,1,0.0
201,2,920.9,274.25,211.2500000000001,445.75,1,1,1.0
201,1,465.7,282.54,173.3,434.17,1,1,0.0
202,2,920.9,275.11,209.89,444.89,1,1,1.0
202,1,468.5,282.54,171.28999999999996,434.17,1,1,0.0
203,2,920.9,275.96,208.54000000000008,444.04,1,1,1.0
203,1,471.3,282.54,169.27000000000004,434.17,1,1,0.0
204,2,920.9,276.82,207.18999999999994,443.18,1,1,1.0
204,1,474.1,282.54,167.26,434.17,1,1,0.0
205,2,920.9,277.67,205.83000000000004,442.33,1,1,1.0
205,1,476.9,282.54,165.24,434.17,1,1,0.0
206,2,920.9,278.53,204.48000000000013,441.47,1,1,1.0
206,1,479.7,282.54,163.22999999999996,434.17,1,1,0.0
207,2,920.9,279.38,203.13,440.62,1,1,1.0
207,1,482.5,282.54,161.21000000000004,434.17,1,1,0.0
208,2,920.9,280.24,201.7700000000001,439.76,1,1,1.0
208,1,485.3,282.54,159.2,434.17,1,1,0.0
209,2,920.9,281.09,200.41999999999996,438.91,1,1,1.0
209,1,490.8,282.39,155.27000000000004,434.16999999999996,1,1,0.0
210,2,920.9,281.95,199.07000000000005,438.05,1,1,1.0
210,1,491.39,284.59,156.25,431.81,1,1,0.0
211,2,920.9,282.8,197.70999999999992,437.2,1,1,1.0
211,1,491.97,286.8,157.23000000000002,429.44,1,1,0.0
212,2,921.7,280.45,195.55999999999995,439.55,1,1,1.0
212,1,492.56,284.28,158.20999999999998,431.81000000000006,1,1,0.0
213,2,922.5,278.1,193.41000000000008,441.9,1,1,1.0
213,1,493.14,281.76,159.20000000000005,434.16999999999996,1,1,0.0
214,2,921.7,275.75,192.8499999999999,444.25,1,1,1.0
214,1,504.92,281.37,151.72999999999996,435.75,1,1,0.0
215,2,920.9,273.4,192.30000000000007,446.6,1,1,1.0
215,1,516.7,280.98,144.26999999999998,437.31999999999994,1,1,0.0
216,2,921.29,273.4,184.11000000000013,446.6,1,1,1.0
216,1,517.35,284.1,142.75,434.19999999999993,1,1,0.0
217,2,921.68,273.4,183.0200000000001,446.6,1,1,1.0
217,1,518.64,283.48,142.41999999999996,434.81999999999994,1,1,0.0
218,2,922.07,273.4,181.92999999999995,446.6,1,1,1.0
218,1,519.93,282.85,142.09000000000003,435.44999999999993,1,1,0.0
219,2,922.46,273.4,180.83999999999992,446.6,1,1,1.0
219,1,521.22,282.23,141.75,436.06999999999994,1,1,0.0
220,2,922.85,273.4,179.7499999999999,446.6,1,1,1.0
220,1,522.51,281.6,141.41999999999996,436.69999999999993,1,1,0.0
221,2,923.24,273.4,178.66000000000008,446.6,1,1,1.0
221,1,523.8,280.98,141.09000000000003,437.31999999999994,1,1,0.0
222,2,923.63,273.4,181.09000000000003,446.6,1,1,1.0
222,1,525.36,280.98,141.88,437.31999999999994,1,1,0.0
223,2,924.02,273.4,183.52999999999997,446.6,1,1,1.0
223,1,526.92,280.98,142.68000000000006,437.31999999999994,1,1,0.0
224,2,924.41,273.4,185.95999999999992,446.6,1,1,1.0
224,1,528.47,280.98,143.48000000000002,437.31999999999994,1,1,0.0
225,2,924.8,273.4,188.4000000000001,446.6,1,1,1.0
225,1,530.03,280.98,144.26999999999998,437.31999999999994,1,1,0.0
226,2,927.02,275.37,184.8800000000001,444.5,1,1,1.0
226,1,531.6,280.98,144.26999999999998,437.31999999999994,1,1,0.0
227,2,929.23,277.33,181.3699999999999,442.41,1,1,1.0
227,1,533.95,280.58,144.26999999999998,437.33,1,1,0.0
228,2,931.45,279.3,177.8499999999999,440.31,1,1,1.0
228,1,536.31,280.19,144.2700000000001,437.32,1,1,0.0
229,2,933.67,281.27,174.33000000000004,438.21000000000004,1,1,1.0
229,1,538.66,279.93,144.79000000000008,437.32,1,1,0.0
230,2,935.88,283.23,170.82000000000005,436.12,1,1,1.0
230,1,541.01,279.67,145.32000000000005,437.32,1,1,0.0
231,2,938.1,285.2,167.30000000000007,434.02000000000004,1,1,1.0
231,1,543.37,279.41,145.83000000000004,437.32,1,1,0.0
232,2,939.82,285.2,165.58000000000004,429.93,1,1,1.0
232,1,545.72,280.58,145.82999999999993,437.33,1,1,0.0
233,2,941.54,285.2,163.86000000000013,425.84999999999997,1,1,1.0
233,1,548.07,281.76,145.83999999999992,437.32000000000005,1,1,0.0
234,2,943.26,285.2,162.1400000000001,421.77000000000004,1,1,1.0
234,1,552.0,280.97,145.83000000000004,437.3299999999999,1,1,0.0
235,2,944.98,285.2,160.42000000000007,417.68,1,1,1.0
235,1,555.53,282.15,145.83000000000004,437.0,1,1,0.0
236,2,946.7,285.2,158.70000000000005,413.59999999999997,1,1,1.0
236,1,559.05,283.33,145.84000000000003,436.67,1,1,0.0
237,2,948.25,285.2,157.1500000000001,413.59999999999997,1,1,1.0
237,1,561.8,283.33,145.83000000000004,436.67,1,1,0.0
238,2,949.8,285.2,155.60000000000014,413.59999999999997,1,1,1.0
238,1,564.54,283.33,145.84000000000003,436.67,1,1,0.0
239,2,950.8,284.81,154.99,412.04,1,1,1.0
239,1,564.54,283.33,147.4000000000001,436.67,1,1,0.0
240,2,951.81,284.42,154.3800000000001,410.47999999999996,1,1,1.0
240,1,564.54,283.33,148.96000000000004,436.67,1,1,0.0
241,2,952.37,284.46,153.7700000000001,409.91,1,1,1.0
241,1,572.39,284.11,148.95000000000005,435.89,1,1,0.0
242,2,952.93,284.51,153.15999999999997,409.32000000000005,1,1,1.0
242,1,578.66,284.89,148.96000000000004,435.11,1,1,0.0
243,2,953.49,284.56,152.54999999999995,408.73999999999995,1,1,1.0
243,1,581.33,285.21,148.94999999999993,434.79,1,1,0.0
244,2,954.06,284.61,151.93000000000006,408.15999999999997,1,1,1.0
244,1,583.99,285.52,148.96000000000004,434.48,1,1,0.0
245,2,954.62,284.66,151.32000000000005,407.57,1,1,1.0
245,1,586.66,285.84,148.96000000000004,434.16,1,1,0.0
246,2,955.18,284.71,150.71000000000015,406.99000000000007,1,1,1.0
246,1,589.33,286.15,148.94999999999993,433.85,1,1,0.0
247,2,955.74,284.76,150.0999999999999,405.28999999999996,1,1,1.0
247,1,591.99,286.46,148.96000000000004,433.54,1,1,0.0
248,2,956.3,284.81,149.49,403.59,1,1,1.0
248,1,594.09,286.72,148.94999999999993,433.28,1,1,0.0
249,2,956.87,290.35,148.87,396.6,1,1,1.0
249,1,596.18,286.99,148.95000000000005,433.01,1,1,0.0
250,2,957.43,295.9,148.2700000000001,389.6,1,1,1.0
250,1,598.27,287.25,148.95000000000005,432.75,1,1,0.0
251,2,957.99,294.12,147.66000000000008,386.58000000000004,1,1,1.0
251,1,596.68,286.86,158.38,432.75,1,1,0.0
252,2,958.55,292.33,147.04999999999995,382.57,1,1,1.0
252,1,595.1,286.46,167.79999999999995,432.75000000000006,1,1,0.0
253,2,959.12,290.55,146.42999999999995,377.74999999999994,1,1,1.0
253,1,599.61,287.44,167.61,431.96999999999997,1,1,0.0
254,2,959.68,291.12,145.82000000000005,375.98,1,1,1.0
254,1,604.12,288.42,167.42999999999995,431.19,1,1,0.0
255,2,960.24,291.7,145.21000000000004,374.2,1,1,1.0
255,1,608.63,289.4,167.24,430.4,1,1,0.0
256,2,960.8,285.2,144.60000000000014,413.59999999999997,1,1,1.0
256,1,613.14,290.38,167.06000000000006,429.62,1,1,0.0
257,2,962.75,285.2,142.6500000000001,379.09999999999997,1,1,1.0
257,1,613.14,290.38,168.44000000000005,429.62,1,1,0.0
258,2,964.7,285.2,140.70000000000005,377.00000000000006,1,1,1.0
258,1,613.14,290.38,169.81000000000006,429.62,1,1,0.0
259,2,966.65,285.2,138.7500000000001,374.90000000000003,1,1,1.0
259,1,613.14,290.38,171.19000000000005,429.62,1,1,0.0
260,2,968.6,285.2,136.80000000000007,372.8,1,1,1.0
260,1,613.14,290.38,172.56000000000006,429.62,1,1,0.0
261,2,970.7,288.37,135.32999999999993,369.47,1,1,1.0
261,1,630.4,290.38,159.20000000000005,429.62,1,1,0.0
262,2,972.81,291.55,133.84000000000015,366.14000000000004,1,1,1.0
262,1,630.4,290.38,163.10000000000002,429.62,1,1,0.0
263,2,974.91,294.72,132.37,362.80999999999995,1,1,1.0
263,1,640.6,290.38,159.16999999999996,419.41999999999996,1,1,0.0
264,2,977.01,297.9,130.9000000000001,359.47,1,1,1.0
264,1,639.03,290.38,161.14,409.62,1,1,0.0
265,2,979.11,293.23,129.42999999999995,363.98,1,1,1.0
265,1,637.46,290.38,163.0999999999999,399.82000000000005,1,1,0.0
266,2,981.5,299.6,127.95000000000005,357.48,1,1,1.0
266,1,650.8,293.5,156.80000000000007,395.91999999999996,1,1,0.0
267,2,983.89,296.49,126.4799999999999,360.46000000000004,1,1,1.0
267,1,648.83,291.16,159.94999999999993,397.86999999999995,1,1,0.0
268,2,987.46,299.3,125.0,358.7,1,1,1.0
268,1,646.87,288.82,163.10000000000002,399.81,1,1,0.0
269,2,986.68,299.3,125.41999999999996,354.8,1,1,1.0
269,1,648.04,288.43,163.10000000000002,399.81,1,1,0.0
270,2,991.39,299.3,121.11000000000001,350.90000000000003,1,1,1.0
270,1,649.22,288.03,163.10000000000002,399.82000000000005,1,1,0.0
271,2,991.39,299.3,123.06000000000006,350.90000000000003,1,1,1.0
271,1,654.71,287.25,163.0999999999999,399.82000000000005,1,1,0.0
272,2,991.39,299.3,125.0100000000001,350.90000000000003,1,1,1.0
272,1,659.41,289.23,159.18000000000006,397.43999999999994,1,1,0.0
273,2,991.98,299.1,125.40000000000009,350.9,1,1,1.0
273,1,664.1,291.2,155.27999999999997,395.08,1,1,0.0
274,2,992.57,298.91,125.77999999999986,350.8999999999999,1,1,1.0
274,1,666.6,292.46,152.77999999999997,393.82,1,1,0.0
275,2,993.15,298.71,126.16999999999996,350.90000000000003,1,1,1.0
275,1,669.1,293.72,150.27999999999997,392.55999999999995,1,1,0.0
276,2,993.74,298.51,126.55999999999995,350.9,1,1,1.0
276,1,671.6,294.98,147.77999999999997,391.29999999999995,1,1,0.0
277,2,992.56,298.51,128.71000000000004,350.9,1,1,1.0
277,1,674.1,296.24,145.27999999999997,390.03999999999996,1,1,0.0
278,2,991.37,298.51,130.88,350.9,1,1,1.0
278,1,676.6,297.5,142.77999999999997,388.78,1,1,0.0
279,2,990.19,298.51,133.03999999999996,350.9,1,1,1.0
279,1,676.6,297.5,145.14,388.78,1,1,0.0
280,2,989.0,298.51,135.20000000000005,350.9,1,1,1.0
280,1,676.6,297.5,147.5,388.78,1,1,0.0
281,2,989.0,298.51,135.20000000000005,348.15,1,1,1.0
281,1,680.7,297.5,144.38,384.86,1,1,0.0
282,2,989.0,298.51,135.20000000000005,345.4,1,1,1.0
282,1,684.8,297.5,141.25,380.94000000000005,1,1,0.0
283,2,989.0,298.51,135.20000000000005,342.64,1,1,1.0
283,1,688.9,297.5,138.13,377.02,1,1,0.0
284,2,989.0,298.51,135.20000000000005,339.89,1,1,1.0
284,1,693.0,297.5,135.0,373.1,1,1,0.0
285,2,989.0,298.51,137.02999999999997,339.89,1,1,1.0
285,1,694.05,297.24,135.0,373.1,1,1,0.0
286,2,989.0,298.51,138.8699999999999,339.89,1,1,1.0
286,1,695.11,296.98,135.0,373.1,1,1,0.0
287,2,989.0,298.51,140.70000000000005,339.89,1,1,1.0
287,1,696.16,296.72,135.0,373.1,1,1,0.0
288,2,989.92,298.78,139.2600000000001,338.97,1,1,1.0
288,1,697.73,296.72,135.0,373.1,1,1,0.0
289,2,990.83,299.04,137.84000000000003,338.06,1,1,1.0
289,1,699.29,296.72,135.0,373.1,1,1,0.0
290,2,991.75,299.31,136.4000000000001,337.14000000000004,1,1,1.0
290,1,700.86,296.72,135.0,373.1,1,1,0.0
291,2,992.67,299.57,134.96000000000015,336.22999999999996,1,1,1.0
291,1,702.69,296.19,135.0,373.09999999999997,1,1,0.0
292,2,993.58,299.84,133.53999999999985,335.31,1,1,1.0
292,1,704.52,295.67,135.0,373.09999999999997,1,1,0.0
293,2,994.5,300.1,132.0999999999999,334.4,1,1,1.0
293,1,706.35,295.15,135.0,373.1,1,1,0.0
294,2,994.9,300.9,131.69999999999993,333.6,1,1,1.0
294,1,710.68,295.15,130.67000000000007,373.1,1,1,0.0
295,2,995.3,301.7,131.29999999999995,332.8,1,1,1.0
295,1,715.0,295.15,126.35000000000002,373.1,1,1,0.0
296,2,995.3,301.7,131.29999999999995,328.09999999999997,1,1,1.0
296,1,715.0,295.15,131.42999999999995,366.4200000000001,1,1,0.0
297,2,995.3,301.7,131.29999999999995,323.40000000000003,1,1,1.0
297,1,715.0,295.15,136.5,359.75,1,1,0.0
298,2,995.94,301.7,130.65999999999985,322.91,1,1,1.0
298,1,717.61,294.89,136.5,359.75,1,1,0.0
299,2,996.58,301.7,130.01999999999987,322.43,1,1,1.0
299,1,720.23,294.62,136.5,359.76,1,1,0.0
300,2,997.21,301.7,129.38999999999987,321.94,1,1,1.0
300,1,722.84,294.36,136.5,359.75,1,1,0.0
301,2,997.85,301.7,128.7499999999999,321.45,1,1,1.0
301,1,725.98,303.0,136.5,349.54999999999995,1,1,0.0
302,2,998.49,301.7,128.1099999999999,320.96,1,1,1.0
302,1,728.33,302.61,136.5,349.53999999999996,1,1,0.0
303,2,999.13,301.7,127.46999999999991,320.47999999999996,1,1,1.0
303,1,730.69,302.21,136.5,349.55,1,1,0.0
304,2,999.76,301.7,126.83999999999992,319.99000000000007,1,1,1.0
304,1,731.86,301.82,136.5,349.55,1,1,0.0
305,2,1000.4,301.7,126.19999999999993,319.50000000000006,1,1,1.0
305,1,733.04,301.43,136.5,349.55,1,1,0.0
306,2,1001.04,301.7,125.55999999999995,319.01000000000005,1,1,1.0
306,1,733.82,301.43,136.5,349.55,1,1,0.0
307,2,1001.68,301.7,124.91999999999996,318.53000000000003,1,1,1.0
307,1,734.61,301.43,136.5,349.55,1,1,0.0
308,2,1002.31,301.7,124.28999999999996,318.04,1,1,1.0
308,1,736.96,301.43,136.5,349.55,1,1,0.0
309,2,1002.95,301.7,123.64999999999986,317.55,1,1,1.0
309,1,738.14,301.43,136.5,349.55,1,1,0.0
310,2,1003.59,301.7,123.00999999999988,317.06,1,1,1.0
310,1,739.31,301.43,136.5,349.55,1,1,0.0
311,2,1004.23,301.7,122.36999999999989,316.57,1,1,1.0
311,1,740.49,301.43,136.5,349.55,1,1,0.0
312,2,1004.86,301.7,121.7399999999999,316.09,1,1,1.0
312,1,741.67,301.43,136.5,349.55,1,1,0.0
313,2,1005.5,301.7,121.09999999999991,315.59999999999997,1,1,1.0
313,1,758.9,301.43,123.98000000000002,333.86999999999995,1,1,0.0
314,2,1004.55,301.7,121.59000000000015,315.59999999999997,1,1,1.0
314,1,760.2,301.43,122.67999999999995,333.86999999999995,1,1,0.0
315,2,1003.6,301.7,122.08000000000004,315.59999999999997,1,1,1.0
315,1,761.5,301.43,121.38,333.86999999999995,1,1,0.0
316,2,1002.65,301.7,122.58000000000004,315.59999999999997,1,1,1.0
316,1,762.8,301.43,120.08000000000004,333.86999999999995,1,1,0.0
317,2,1001.7,301.7,123.06999999999994,315.59999999999997,1,1,1.0
317,1,764.1,301.43,118.77999999999997,333.86999999999995,1,1,0.0
318,2,1000.75,301.7,123.55999999999995,315.59999999999997,1,1,1.0
318,1,765.4,301.43,117.48000000000002,333.86999999999995,1,1,0.0
319,2,999.8,301.7,124.04999999999995,315.59999999999997,1,1,1.0
319,1,766.7,301.43,116.17999999999995,333.86999999999995,1,1,0.0
320,2,998.85,301.7,124.54000000000008,315.59999999999997,1,1,1.0
320,1,768.65,301.43,114.23000000000002,333.86999999999995,1,1,0.0
321,2,997.9,301.7,125.03000000000009,315.59999999999997,1,1,1.0
321,1,770.6,301.43,112.26999999999998,333.86999999999995,1,1,0.0
322,2,996.95,301.7,125.52999999999997,315.59999999999997,1,1,1.0
322,1,771.78,299.86,112.26999999999998,333.87,1,1,0.0
323,2,996.0,301.7,126.01999999999998,315.59999999999997,1,1,1.0
323,1,772.95,298.29,112.27999999999997,333.86999999999995,1,1,0.0
324,2,995.05,301.7,126.50999999999999,315.59999999999997,1,1,1.0
324,1,774.91,297.11,112.28000000000009,333.87,1,1,0.0
325,2,994.1,301.7,126.99999999999989,315.59999999999997,1,1,1.0
325,1,776.88,295.94,112.26999999999998,333.86999999999995,1,1,0.0
326,2,993.15,301.7,130.69999999999993,315.59999999999997,1,1,1.0
326,1,778.64,295.75,112.26999999999998,328.76,1,1,0.0
327,2,992.2,301.7,134.39999999999986,315.59999999999997,1,1,1.0
327,1,780.4,295.57,112.27999999999997,323.63000000000005,1,1,0.0
328,2,978.87,298.56,134.39999999999998,315.59999999999997,1,1,1.0
328,1,782.17,295.38,112.2700000000001,318.52,1,1,0.0
329,2,973.77,296.01,134.4000000000001,315.6,1,1,1.0
329,1,783.93,295.2,112.28000000000009,313.40000000000003,1,1,0.0
330,2,968.67,293.46,134.39999999999998,315.59999999999997,1,1,1.0
330,1,785.11,295.0,112.26999999999998,313.4,1,1,0.0
331,2,963.58,290.91,134.39999999999998,315.60999999999996,1,1,1.0
331,1,786.29,294.81,112.26999999999998,313.40000000000003,1,1,0.0
332,2,958.48,288.37,134.4000000000001,315.6,1,1,1.0
332,1,787.46,294.61,112.27999999999997,313.4,1,1,0.0
333,2,958.09,308.0,133.7399999999999,295.97,1,1,1.0
333,1,788.64,294.41,112.26999999999998,313.3999999999999,1,1,0.0
334,2,957.69,304.07,133.0999999999999,299.90000000000003,1,1,1.0
334,1,789.81,294.41,112.28000000000009,313.3999999999999,1,1,0.0
335,2,957.3,300.15,132.44000000000005,303.82000000000005,1,1,1.0
335,1,790.99,294.41,112.26999999999998,313.3999999999999,1,1,0.0
336,2,956.91,296.22,131.7800000000001,307.75,1,1,1.0
336,1,792.56,294.41,112.2700000000001,313.3999999999999,1,1,0.0
337,2,956.52,292.29,131.1300000000001,311.68,1,1,1.0
337,1,794.13,294.41,112.26999999999998,313.3999999999999,1,1,0.0
338,2,956.12,288.37,130.4799999999999,315.6,1,1,1.0
338,1,796.74,294.41,112.27999999999997,313.3999999999999,1,1,0.0
339,2,957.42,294.91,124.48000000000013,309.06,1,1,1.0
339,1,799.35,294.41,112.27999999999997,313.3999999999999,1,1,0.0
340,2,958.71,301.46,118.49000000000001,302.51000000000005,1,1,1.0
340,1,801.97,294.41,112.26999999999998,313.3999999999999,1,1,0.0
341,2,960.0,308.0,112.5,295.97,1,1,1.0
341,1,807.5,302.3,110.70000000000005,305.50999999999993,1,1,0.0
342,2,960.4,308.0,107.39999999999998,290.48,1,1,1.0
342,1,809.85,301.52,110.69999999999993,305.51,1,1,0.0
343,2,960.8,308.0,102.29999999999995,285.0,1,1,1.0
343,1,810.9,301.52,110.70000000000005,305.51,1,1,0.0
344,2,960.0,308.0,101.0,285.0,1,1,1.0
344,1,811.95,301.52,110.69999999999993,305.51,1,1,0.0
345,2,959.2,308.0,99.70000000000005,285.0,1,1,1.0
345,1,812.99,301.52,110.70000000000005,305.51,1,1,0.0
346,2,958.4,308.0,98.39999999999998,285.0,1,1,1.0
346,1,813.62,301.2,110.70000000000005,305.52000000000004,1,1,0.0
347,2,956.04,308.0,98.40000000000009,285.0,1,1,1.0
347,1,814.25,300.89,110.70000000000005,305.51,1,1,0.0
348,2,952.12,308.0,98.39999999999998,285.0,1,1,1.0
348,1,814.87,300.57,110.70000000000005,305.52000000000004,1,1,0.0
349,2,950.55,307.21,98.40000000000009,285.00000000000006,1,1,1.0
349,1,815.5,300.26,110.70000000000005,305.52,1,1,0.0
350,2,946.63,306.43,98.39999999999998,284.99999999999994,1,1,1.0
350,1,816.13,299.95,110.70000000000005,305.51000000000005,1,1,0.0
351,2,939.57,306.43,98.39999999999998,284.99999999999994,1,1,1.0
351,1,816.25,299.95,110.58000000000004,305.51000000000005,1,1,0.0
352,2,932.52,305.65,98.40000000000009,285.0,1,1,1.0
352,1,816.37,299.95,110.46000000000004,305.51000000000005,1,1,0.0
353,2,927.03,305.65,98.40000000000009,285.0,1,1,1.0
353,1,816.48,299.95,110.35000000000002,305.51000000000005,1,1,0.0
354,2,924.67,304.86,98.40000000000009,285.0,1,1,1.0
354,1,816.6,299.95,110.23000000000002,305.51000000000005,1,1,0.0
355,2,925.5,304.08,99.1400000000001,285.00000000000006,1,1,1.0
355,1,816.72,299.95,110.11000000000001,305.51000000000005,1,1,0.0
356,2,920.0,304.08,88.20000000000005,285.00000000000006,1,1,1.0
356,1,816.84,299.95,109.99000000000001,305.51000000000005,1,1,0.0
357,2,920.0,304.08,83.10000000000002,285.00000000000006,1,1,1.0
357,1,816.96,299.95,109.87,305.51000000000005,1,1,0.0
358,2,920.0,304.08,78.0,285.00000000000006,1,1,1.0
358,1,817.08,299.95,109.75,305.51000000000005,1,1,0.0
359,2,920.0,304.08,75.60000000000002,285.00000000000006,1,1,1.0
359,1,817.2,299.95,109.63,305.51000000000005,1,1,0.0
360,2,914.5,304.08,78.0,285.00000000000006,1,1,1.0
360,1,817.31,299.95,109.5200000000001,305.51000000000005,1,1,0.0
361,2,909.8,301.46,79.30000000000007,285.00000000000006,1,1,1.0
361,1,817.43,299.95,109.40000000000009,305.51000000000005,1,1,0.0
362,2,905.1,298.85,80.60000000000002,285.0,1,1,1.0
362,1,817.55,299.95,109.28000000000009,305.51000000000005,1,1,0.0
363,2,900.39,296.23,81.90999999999997,285.0,1,1,1.0
363,1,817.67,299.95,109.16000000000008,305.51000000000005,1,1,0.0
364,2,900.39,296.23,72.50999999999999,285.0,1,1,1.0
364,1,817.79,299.95,109.04000000000008,305.51000000000005,1,1,0.0
365,2,900.39,296.23,61.50999999999999,285.0,1,1,1.0
365,1,817.91,299.95,108.92000000000007,305.51000000000005,1,1,0.0
366,2,900.39,296.23,59.90999999999997,285.0,1,1,1.0
366,1,818.03,299.95,108.80000000000007,305.51000000000005,1,1,0.0
367,2,900.39,296.23,54.40999999999997,285.0,1,1,1.0
367,1,818.14,299.95,108.69000000000005,305.51000000000005,1,1,0.0
368,2,900.39,296.23,52.00999999999999,285.0,1,1,1.0
368,1,818.26,299.95,108.57000000000005,305.51000000000005,1,1,0.0
369,2,900.39,296.23,50.40999999999997,285.0,1,1,1.0
369,1,818.38,299.95,108.45000000000005,305.51000000000005,1,1,0.0
370,2,901.24,296.06,50.40999999999997,284.99999999999994,1,1,1.0
370,1,818.5,299.95,108.33000000000004,305.51000000000005,1,1,0.0
371,2,902.09,295.88,50.40999999999997,285.0,1,1,1.0
371,1,818.5,299.95,111.35000000000002,302.82,1,1,0.0
372,2,902.94,295.71,50.39999999999998,285.00000000000006,1,1,1.0
372,1,818.5,299.95,114.38,300.12000000000006,1,1,0.0
373,2,903.78,295.54,50.41000000000008,284.99999999999994,1,1,1.0
373,1,818.5,299.95,117.39999999999998,297.43,1,1,0.0
374,2,904.63,295.36,50.40999999999997,285.0,1,1,1.0
374,1,818.5,299.95,120.42999999999995,294.72999999999996,1,1,0.0
375,2,905.48,295.19,50.40999999999997,285.00000000000006,1,1,1.0
375,1,818.5,299.95,123.45000000000005,292.04,1,1,0.0
376,2,906.33,295.01,50.39999999999998,285.0,1,1,1.0
376,1,818.5,299.95,126.48000000000002,289.34,1,1,0.0
377,2,907.17,294.84,50.41000000000008,285.00000000000006,1,1,1.0
377,1,818.5,299.95,129.5,286.65000000000003,1,1,0.0
378,2,908.02,294.66,50.40999999999997,284.99999999999994,1,1,1.0
378,1,826.87,299.95,129.5,286.65000000000003,1,1,0.0
379,2,908.13,295.45,50.40999999999997,285.00000000000006,1,1,1.0
379,1,827.78,299.95,129.5,286.65000000000003,1,1,0.0
380,2,908.24,296.23,50.39999999999998,285.0,1,1,1.0
380,1,828.7,299.95,129.5,286.65000000000003,1,1,0.0
381,2,913.73,293.88,59.26999999999998,285.0,1,1,1.0
381,1,825.71,299.95,129.5,286.65000000000003,1,1,0.0
382,2,919.22,291.53,60.57999999999993,285.0,1,1,1.0
382,1,821.64,299.95,129.5,286.65000000000003,1,1,0.0
383,2,924.31,291.13,64.12,285.0,1,1,1.0
383,1,825.17,299.55,129.5,286.66,1,1,0.0
384,2,929.4,290.74,67.65999999999997,285.0,1,1,1.0
384,1,828.7,299.16,129.5,286.6499999999999,1,1,0.0
385,2,929.4,304.07,70.38,271.67,1,1,1.0
385,1,842.7,297.2,113.13999999999999,286.65000000000003,1,1,0.0
386,2,929.4,317.4,73.10000000000002,258.34000000000003,1,1,1.0
386,1,846.9,306.1,110.39999999999998,276.34000000000003,1,1,0.0
387,2,929.4,318.8,74.30000000000007,256.94,1,1,1.0
387,1,846.05,307.2,109.34000000000003,274.96999999999997,1,1,0.0
388,2,929.4,319.1,75.5,256.64,1,1,1.0
388,1,845.2,308.3,108.28999999999996,273.59,1,1,0.0
389,2,936.46,317.4,75.5,238.20000000000005,1,1,1.0
389,1,849.37,306.43,108.17999999999995,275.46,1,1,0.0
390,2,945.7,312.5,71.79999999999995,239.79999999999995,1,1,1.0
390,1,853.55,304.57,108.06000000000006,277.32,1,1,0.0
391,2,948.4,314.7,73.0,240.90000000000003,1,1,1.0
391,1,857.72,302.7,107.94999999999993,279.19,1,1,0.0
392,2,949.5,313.1,75.79999999999995,241.89999999999998,1,1,1.0
392,1,861.9,300.84,107.84000000000003,281.05,1,1,0.0
393,2,950.1,310.3,79.89999999999998,244.7,1,1,1.0
393,1,866.34,299.25,107.73000000000002,282.91999999999996,1,1,0.0
394,2,950.6,306.5,84.10000000000002,253.39999999999998,1,1,1.0
394,1,870.79,297.65,107.61000000000001,284.7900000000001,1,1,0.0
395,2,936.46,308.2,102.13999999999987,247.90000000000003,1,1,1.0
395,1,868.7,305.0,107.5,276.89,1,1,0.0
396,2,960.4,308.2,80.89999999999998,241.90000000000003,1,1,1.0
396,1,868.86,304.84,107.5,276.90000000000003,1,1,0.0
397,2,960.4,308.2,85.80000000000007,241.90000000000003,1,1,1.0
397,1,869.01,304.69,107.5,276.89000000000004,1,1,0.0
398,2,960.4,308.2,89.60000000000002,241.90000000000003,1,1,1.0
398,1,869.17,304.53,107.5,276.9,1,1,0.0
399,2,960.4,308.2,93.39999999999998,241.90000000000003,1,1,1.0
399,1,869.32,304.38,107.5,276.89,1,1,0.0
400,2,966.9,308.2,86.89999999999998,241.90000000000003,1,1,1.0
400,1,869.48,304.22,107.5,276.9,1,1,0.0
401,2,968.81,307.66,86.90000000000009,241.89999999999992,1,1,1.0
401,1,869.64,304.07,107.5,276.89000000000004,1,1,0.0
402,2,970.71,307.11,86.89999999999986,241.89999999999998,1,1,1.0
402,1,869.79,303.91,107.5,276.8999999999999,1,1,0.0
403,2,976.7,306.57,86.89999999999986,241.90000000000003,1,1,1.0
403,1,871.42,303.91,107.5,276.8999999999999,1,1,0.0
404,2,977.79,306.57,86.90000000000009,241.90000000000003,1,1,1.0
404,1,873.06,303.91,107.5,276.8999999999999,1,1,0.0
405,2,979.42,305.48,91.78000000000009,241.89999999999998,1,1,1.0
405,1,873.6,303.64,107.5,276.89,1,1,0.0
406,2,979.79,305.48,91.76999999999998,241.89999999999998,1,1,1.0
406,1,874.15,303.37,107.5,276.89,1,1,0.0
407,2,980.15,305.48,91.78000000000009,241.89999999999998,1,1,1.0
407,1,874.69,303.37,107.5,276.89,1,1,0.0
408,2,980.51,305.48,91.77999999999997,241.89999999999998,1,1,1.0
408,1,875.23,303.37,107.5,276.89,1,1,0.0
409,2,980.51,305.48,93.42000000000007,241.89999999999998,1,1,1.0
409,1,875.54,303.37,107.19000000000005,276.89,1,1,0.0
410,2,980.51,305.48,95.04999999999995,241.89999999999998,1,1,1.0
410,1,875.85,303.37,106.88,276.89,1,1,0.0
411,2,980.51,305.48,96.69000000000005,241.89999999999998,1,1,1.0
411,1,876.15,303.37,106.58000000000004,276.89,1,1,0.0
412,2,980.51,305.48,97.38000000000011,241.89999999999998,1,1,1.0
412,1,876.46,303.37,106.26999999999998,276.89,1,1,0.0
413,2,980.51,305.48,98.06999999999994,241.89999999999998,1,1,1.0
413,1,876.77,303.37,105.96000000000004,276.89,1,1,0.0
414,2,980.51,305.48,98.75999999999999,241.89999999999998,1,1,1.0
414,1,877.07,303.37,105.65999999999997,276.89,1,1,0.0
415,2,980.51,305.48,99.45000000000005,241.89999999999998,1,1,1.0
415,1,877.38,303.37,105.35000000000002,276.89,1,1,0.0
416,2,980.51,305.48,100.1400000000001,241.89999999999998,1,1,1.0
416,1,877.69,303.37,105.03999999999996,276.89,1,1,0.0
417,2,980.51,305.48,100.82999999999993,241.89999999999998,1,1,1.0
417,1,877.99,303.37,104.74000000000001,276.89,1,1,0.0
418,2,980.51,305.48,101.51999999999998,241.89999999999998,1,1,1.0
418,1,878.3,303.37,104.43000000000006,276.89,1,1,0.0
419,2,980.51,305.48,102.21000000000004,241.89999999999998,1,1,1.0
419,1,878.61,303.37,104.12,276.89,1,1,0.0
420,2,980.51,305.48,102.90000000000009,241.89999999999998,1,1,1.0
420,1,878.91,303.37,103.82000000000005,276.89,1,1,0.0
421,2,980.51,305.48,103.57999999999993,241.89999999999998,1,1,1.0
421,1,879.22,303.37,103.50999999999999,276.89,1,1,0.0
422,2,980.51,305.48,104.26999999999998,241.89999999999998,1,1,1.0
422,1,879.53,303.37,103.20000000000005,276.89,1,1,0.0
423,2,980.51,305.48,104.96000000000004,241.89999999999998,1,1,1.0
423,1,879.83,303.37,102.89999999999998,276.89,1,1,0.0
424,2,980.51,305.48,105.65000000000009,241.89999999999998,1,1,1.0
424,1,880.14,303.37,102.59000000000003,276.89,1,1,0.0
425,2,980.51,305.48,106.33999999999992,241.89999999999998,1,1,1.0
425,1,880.45,303.37,102.27999999999997,276.89,1,1,0.0
426,2,980.51,305.48,107.02999999999997,241.89999999999998,1,1,1.0
426,1,880.75,303.37,101.98000000000002,276.89,1,1,0.0
427,2,980.51,305.48,107.72000000000003,241.89999999999998,1,1,1.0
427,1,881.06,303.37,101.67000000000007,276.89,1,1,0.0
428,2,980.51,305.48,108.41000000000008,241.89999999999998,1,1,1.0
428,1,881.37,303.37,101.36000000000001,276.89,1,1,0.0
429,2,980.51,305.48,109.09999999999991,241.89999999999998,1,1,1.0
429,1,881.67,303.37,101.06000000000006,276.89,1,1,0.0
430,2,980.51,305.48,109.78999999999996,241.89999999999998,1,1,1.0
430,1,881.98,303.37,100.75,276.89,1,1,0.0
431,2,985.24,305.3,105.59999999999991,241.89000000000004,1,1,1.0
431,1,882.29,303.37,100.44000000000005,276.89,1,1,0.0
432,2,989.97,305.11,101.42000000000007,241.89999999999998,1,1,1.0
432,1,882.59,303.37,100.13999999999999,276.89,1,1,0.0
433,2,994.7,304.93,97.23000000000002,241.90000000000003,1,1,1.0
433,1,882.9,303.37,99.83000000000004,276.89,1,1,0.0
434,2,997.53,304.93,97.24000000000001,241.90000000000003,1,1,1.0
434,1,883.72,302.69,99.82999999999993,276.89000000000004,1,1,0.0
435,2,1000.36,304.93,97.2399999999999,241.90000000000003,1,1,1.0
435,1,884.53,302.01,99.84000000000003,276.89,1,1,0.0
436,2,1003.2,304.93,97.23000000000002,241.90000000000003,1,1,1.0
436,1,885.35,301.33,99.84000000000003,276.89000000000004,1,1,0.0
437,2,1006.03,304.93,97.23000000000002,241.90000000000003,1,1,1.0
437,1,886.17,300.64,99.83000000000004,276.9,1,1,0.0
438,2,1008.86,304.93,97.2399999999999,241.90000000000003,1,1,1.0
438,1,888.89,300.1,99.83000000000004,267.1,1,1,0.0
439,2,1009.77,304.39,99.75999999999999,241.89999999999998,1,1,1.0
439,1,891.61,300.1,99.84000000000003,267.1,1,1,0.0
440,2,1010.69,303.85,102.27999999999997,241.89,1,1,1.0
440,1,894.34,300.1,99.82999999999993,267.1,1,1,0.0
441,2,1011.6,303.3,104.80000000000007,241.90000000000003,1,1,1.0
441,1,893.79,300.1,99.84000000000003,267.1,1,1,0.0
442,2,1011.6,306.3,109.94999999999993,240.8,1,1,1.0
442,1,895.43,301.46,99.83000000000004,265.2,1,1,0.0
443,2,1011.6,309.3,115.10000000000002,239.7,1,1,1.0
443,1,899.24,302.81,99.83000000000004,263.3,1,1,0.0
444,2,1014.32,306.75,115.10000000000002,240.44000000000005,1,1,1.0
444,1,898.51,303.54,99.84000000000003,263.3,1,1,0.0
445,2,1017.05,304.21,115.10000000000014,241.17000000000002,1,1,1.0
445,1,900.24,302.9,99.83000000000004,263.30000000000007,1,1,0.0
446,2,1019.77,301.67,115.09999999999991,241.88999999999993,1,1,1.0
446,1,901.96,302.27,99.83999999999992,263.30000000000007,1,1,0.0
447,2,1021.95,303.48,115.09999999999991,241.89999999999998,1,1,1.0
447,1,902.33,302.27,99.82999999999993,263.30000000000007,1,1,0.0
448,2,1024.13,305.3,115.09999999999991,241.90000000000003,1,1,1.0
448,1,902.69,302.27,99.82999999999993,263.30000000000007,1,1,0.0
449,2,1026.3,307.11,115.11000000000013,241.89999999999998,1,1,1.0
449,1,903.05,302.27,99.84000000000003,263.30000000000007,1,1,0.0
450,2,1027.36,307.08,113.98000000000002,241.90000000000003,1,1,1.0
450,1,907.68,302.27,95.21000000000004,263.30000000000007,1,1,0.0
451,2,1028.42,307.05,112.8599999999999,241.90000000000003,1,1,1.0
451,1,912.3,302.27,90.59000000000003,263.30000000000007,1,1,0.0
452,2,1029.48,307.02,111.74000000000001,241.89999999999998,1,1,1.0
452,1,913.43,301.89,90.58000000000004,263.30000000000007,1,1,0.0
453,2,1030.54,306.99,110.62000000000012,241.89999999999998,1,1,1.0
453,1,914.56,301.51,90.58000000000004,263.29999999999995,1,1,0.0
454,2,1031.6,306.96,109.5,241.90000000000003,1,1,1.0
454,1,915.69,301.14,90.57999999999993,263.30000000000007,1,1,0.0
455,2,1032.66,306.93,108.37999999999988,241.90000000000003,1,1,1.0
455,1,916.82,300.76,90.57999999999993,263.29999999999995,1,1,0.0
456,2,1033.72,306.9,107.25999999999999,241.89999999999998,1,1,1.0
456,1,917.95,300.38,90.57999999999993,263.29999999999995,1,1,0.0
457,2,1034.78,306.87,106.1400000000001,241.89999999999998,1,1,1.0
457,1,919.58,300.47,90.58999999999992,263.29999999999995,1,1,0.0
458,2,1035.84,306.84,105.01999999999998,241.90000000000003,1,1,1.0
458,1,921.22,300.56,90.57999999999993,263.3,1,1,0.0
459,2,1036.9,306.81,103.89999999999986,241.90000000000003,1,1,1.0
459,1,922.85,300.66,90.59000000000003,263.3,1,1,0.0
460,2,1037.96,306.78,102.77999999999997,241.89999999999998,1,1,1.0
460,1,924.49,300.75,90.58000000000004,263.29999999999995,1,1,0.0
461,2,1039.02,306.75,101.66000000000008,241.89999999999998,1,1,1.0
461,1,926.12,300.84,90.58000000000004,263.3,1,1,0.0
462,2,1040.08,306.72,100.53999999999996,241.89999999999998,1,1,1.0
462,1,928.68,300.84,88.33000000000004,263.3,1,1,0.0
463,2,1041.14,306.69,99.41999999999985,241.90000000000003,1,1,1.0
463,1,931.24,300.84,86.06999999999994,263.3,1,1,0.0
464,2,1042.2,306.66,98.29999999999995,241.89999999999992,1,1,1.0
464,1,933.8,300.84,83.81000000000006,263.3,1,1,0.0
465,2,1043.55,306.66,96.95000000000005,241.89999999999992,1,1,1.0
465,1,935.62,300.61,83.79999999999995,263.29999999999995,1,1,0.0
466,2,1044.9,306.66,95.59999999999991,241.89999999999992,1,1,1.0
466,1,937.43,300.38,83.81000000000006,263.29999999999995,1,1,0.0
467,2,1047.17,306.66,93.32999999999993,237.82,1,1,1.0
467,1,938.67,300.38,83.59000000000003,263.29999999999995,1,1,0.0
468,2,1049.45,306.66,91.04999999999995,233.72999999999996,1,1,1.0
468,1,939.92,300.38,83.35000000000002,263.29999999999995,1,1,0.0
469,2,1051.72,306.66,88.77999999999997,229.64999999999992,1,1,1.0
469,1,941.16,300.38,83.13,263.29999999999995,1,1,0.0
470,2,1054.0,306.66,86.5,225.57,1,1,1.0
470,1,942.4,300.38,82.89999999999998,263.29999999999995,1,1,0.0
471,2,1056.27,306.66,84.23000000000002,221.48999999999995,1,1,1.0
471,1,943.76,300.38,82.90000000000009,263.29999999999995,1,1,0.0
472,2,1058.55,306.66,81.95000000000005,217.39999999999992,1,1,1.0
472,1,945.12,300.38,82.89999999999998,263.29999999999995,1,1,0.0
473,2,1060.82,306.66,79.68000000000006,213.32,1,1,1.0
473,1,945.12,301.51,84.37,260.03,1,1,0.0
474,2,1063.1,306.66,77.40000000000009,209.23999999999995,1,1,1.0
474,1,945.12,302.64,85.84000000000003,256.75,1,1,0.0
475,2,1066.3,303.48,74.20000000000005,212.41999999999996,1,1,1.0
475,1,945.12,303.77,87.31000000000006,253.48000000000002,1,1,0.0
476,2,1069.5,300.3,71.0,215.59999999999997,1,1,1.0
476,1,945.12,304.9,88.78000000000009,250.20000000000005,1,1,0.0
477,2,1070.75,300.3,69.75,215.59999999999997,1,1,1.0
477,1,945.12,304.9,91.64999999999998,250.20000000000005,1,1,0.0
478,2,1072.0,300.3,68.5,215.59999999999997,1,1,1.0
478,1,945.12,304.9,94.5100000000001,250.20000000000005,1,1,0.0
479,2,1073.25,300.3,67.25,215.59999999999997,1,1,1.0
479,1,945.12,304.9,97.38,250.20000000000005,1,1,0.0
480,2,1074.5,300.3,66.0,215.59999999999997,1,1,1.0
480,1,954.2,304.9,88.29999999999995,250.20000000000005,1,1,0.0
481,2,1077.1,300.3,63.40000000000009,215.59999999999997,1,1,1.0
481,1,956.7,304.9,93.5,250.20000000000005,1,1,0.0
482,2,1079.7,300.3,60.799999999999955,215.59999999999997,1,1,1.0
482,1,959.2,304.9,98.70000000000005,250.20000000000005,1,1,0.0
483,2,1082.3,300.3,58.200000000000045,215.59999999999997,1,1,1.0
483,1,959.2,304.9,109.39999999999986,250.20000000000005,1,1,0.0
484,2,1084.9,300.3,55.59999999999991,215.59999999999997,1,1,1.0
484,1,959.2,304.9,115.5,250.20000000000005,1,1,0.0
485,2,1084.9,311.2,55.59999999999991,204.7,1,1,1.0
485,1,966.0,312.2,117.79999999999995,229.7,1,1,0.0
486,2,1085.85,311.2,54.65000000000009,204.7,1,1,1.0
486,1,967.82,311.97,117.79999999999984,229.69999999999993,1,1,0.0
487,2,1086.8,311.2,53.700000000000045,204.7,1,1,1.0
487,1,969.63,311.74,117.80000000000007,229.70000000000005,1,1,0.0
488,2,1087.75,311.2,52.75,204.7,1,1,1.0
488,1,970.9,311.74,117.80000000000007,229.70000000000005,1,1,0.0
489,2,1088.7,311.2,51.799999999999955,204.7,1,1,1.0
489,1,972.17,311.74,117.80000000000007,229.70000000000005,1,1,0.0
490,2,1089.65,311.2,50.84999999999991,204.7,1,1,1.0
490,1,973.44,311.74,117.79999999999995,229.70000000000005,1,1,0.0
491,2,1090.6,311.2,49.90000000000009,204.7,1,1,1.0
491,1,974.71,311.74,117.79999999999995,229.70000000000005,1,1,0.0
492,2,1091.55,311.2,48.950000000000045,204.7,1,1,1.0
492,1,975.98,311.74,117.79999999999995,229.70000000000005,1,1,0.0
493,2,1092.5,311.2,48.0,204.7,1,1,1.0
493,1,978.71,311.74,117.79999999999995,229.70000000000005,1,1,0.0
494,2,1093.45,311.2,47.049999999999955,204.7,1,1,1.0
494,1,984.15,311.74,112.36000000000001,229.70000000000005,1,1,0.0
495,2,1094.4,311.2,46.09999999999991,204.7,1,1,1.0
495,1,989.58,311.74,106.92999999999995,229.70000000000005,1,1,0.0
496,2,1094.31,311.17,46.049999999999955,204.7,1,1,1.0
496,1,995.02,311.74,101.49000000000001,229.70000000000005,1,1,0.0
497,2,1094.23,311.15,46.0,204.70000000000005,1,1,1.0
497,1,1000.46,311.74,96.04999999999995,229.70000000000005,1,1,0.0
498,2,1094.14,311.12,45.94999999999982,204.70000000000005,1,1,1.0
498,1,1005.9,311.74,90.61000000000001,229.70000000000005,1,1,0.0
499,2,1094.06,311.1,45.8900000000001,204.69999999999993,1,1,1.0
499,1,1009.53,311.29,90.61000000000013,229.7,1,1,0.0
500,2,1093.97,311.07,45.84999999999991,204.7,1,1,1.0
500,1,1013.16,310.84,90.61000000000001,229.7,1,1,0.0
501,2,1093.89,311.04,45.789999999999964,204.70999999999998,1,1,1.0
501,1,1016.79,311.74,90.61000000000013,229.70000000000005,1,1,0.0
502,2,1093.8,311.02,45.75,204.70000000000005,1,1,1.0
502,1,1027.7,311.29,81.97000000000003,229.7,1,1,0.0
503,2,1093.72,310.99,45.690000000000055,204.70000000000005,1,1,1.0
503,1,1028.05,311.29,81.62000000000012,229.7,1,1,0.0
504,2,1093.63,310.97,45.63999999999987,204.69999999999993,1,1,1.0
504,1,1028.4,311.29,81.26999999999998,229.7,1,1,0.0
505,2,1093.55,310.94,45.590000000000146,204.7,1,1,1.0
505,1,1028.75,311.29,80.92000000000007,229.7,1,1,0.0
506,2,1093.46,310.92,45.539999999999964,204.7,1,1,1.0
506,1,1029.1,311.29,80.57000000000016,229.7,1,1,0.0
507,2,1093.38,310.89,45.47999999999979,204.70000000000005,1,1,1.0
507,1,1034.5,311.29,75.17000000000007,229.7,1,1,0.0
508,2,1093.29,310.86,45.440000000000055,204.69999999999993,1,1,1.0
508,1,1035.1,311.29,74.57000000000016,229.7,1,1,0.0
509,2,1093.21,310.84,45.37999999999988,204.7,1,1,1.0
509,1,1035.7,311.29,73.97000000000003,229.7,1,1,0.0
510,2,1093.12,310.81,45.330000000000155,204.7,1,1,1.0
510,1,1036.3,311.29,73.37000000000012,229.7,1,1,0.0
511,2,1093.04,310.79,45.27999999999997,204.7,1,1,1.0
511,1,1037.65,311.29,72.01999999999998,229.7,1,1,0.0
512,2,1092.95,310.76,45.23000000000002,204.70000000000005,1,1,1.0
512,1,1039.0,311.29,70.67000000000007,229.7,1,1,0.0
513,2,1092.87,310.73,45.180000000000064,204.71000000000004,1,1,1.0
513,1,1041.43,311.29,68.24000000000001,229.7,1,1,0.0
514,2,1092.78,310.71,45.13000000000011,204.7,1,1,1.0
514,1,1043.87,311.29,65.80000000000018,229.7,1,1,0.0
515,2,1092.7,310.68,45.069999999999936,204.7,1,1,1.0
515,1,1046.3,311.29,63.37000000000012,229.7,1,1,0.0
516,2,1092.61,310.66,45.0300000000002,204.7,1,1,1.0
516,1,1046.75,311.29,62.92000000000007,229.7,1,1,0.0
517,2,1092.53,310.63,44.97000000000003,204.70000000000005,1,1,1.0
517,1,1047.2,311.29,62.47000000000003,229.7,1,1,0.0
518,2,1092.44,310.61,44.919999999999845,204.69999999999993,1,1,1.0
518,1,1047.58,311.29,62.090000000000146,229.7,1,1,0.0
519,2,1092.35,310.58,44.88000000000011,204.7,1,1,1.0
519,1,1047.97,311.29,61.700000000000045,229.7,1,1,0.0
520,2,1092.27,310.55,44.819999999999936,204.70999999999998,1,1,1.0
520,1,1048.35,311.29,61.320000000000164,229.7,1,1,0.0
521,2,1092.18,310.53,44.76999999999998,204.70000000000005,1,1,1.0
521,1,1048.73,311.29,60.940000000000055,229.7,1,1,0.0
522,2,1092.1,310.5,44.72000000000003,204.70000000000005,1,1,1.0
522,1,1049.12,311.29,60.55000000000018,229.7,1,1,0.0
523,2,1092.01,310.48,44.67000000000007,204.69999999999993,1,1,1.0
523,1,1049.5,311.29,60.17000000000007,229.7,1,1,0.0
524,2,1091.93,310.45,44.61999999999989,204.7,1,1,1.0
524,1,1049.93,311.29,59.74000000000001,229.7,1,1,0.0
525,2,1091.84,310.43,44.570000000000164,204.7,1,1,1.0
525,1,1050.37,311.29,59.30000000000018,229.7,1,1,0.0
526,2,1091.76,310.4,44.50999999999999,204.70000000000005,1,1,1.0
526,1,1050.8,311.29,58.87000000000012,229.7,1,1,0.0
527,2,1091.67,310.37,44.47000000000003,204.70000000000005,1,1,1.0
527,1,1051.34,311.29,58.330000000000155,229.7,1,1,0.0
528,2,1091.59,310.35,44.41000000000008,204.69999999999993,1,1,1.0
528,1,1051.88,311.29,57.789999999999964,229.7,1,1,0.0
529,2,1091.5,310.32,44.3599999999999,204.7,1,1,1.0
529,1,1052.42,311.29,57.25,229.7,1,1,0.0
530,2,1091.42,310.3,44.309999999999945,204.7,1,1,1.0
530,1,1052.96,311.29,56.710000000000036,229.7,1,1,0.0
531,2,1091.33,310.27,44.25999999999999,204.70000000000005,1,1,1.0
531,1,1053.5,311.29,56.17000000000007,229.7,1,1,0.0
532,2,1091.25,310.24,44.200000000000045,204.71000000000004,1,1,1.0
532,1,1054.57,311.29,55.100000000000136,229.7,1,1,0.0
533,2,1091.16,310.22,44.159999999999854,204.69999999999993,1,1,1.0
533,1,1055.63,311.29,54.039999999999964,229.7,1,1,0.0
534,2,1091.08,310.19,44.100000000000136,204.7,1,1,1.0
534,1,1056.7,311.29,52.97000000000003,229.7,1,1,0.0
535,2,1090.99,310.17,44.059999999999945,204.7,1,1,1.0
535,1,1056.52,310.47,52.97000000000003,215.01999999999998,1,1,0.0
536,2,1090.91,310.14,44.0,204.70000000000005,1,1,1.0
536,1,1056.34,309.66,52.97000000000003,200.33999999999997,1,1,0.0
537,2,1090.82,310.12,43.950000000000045,204.70000000000005,1,1,1.0
537,1,1056.16,308.84,52.95999999999981,195.76000000000005,1,1,0.0
538,2,1090.74,310.09,43.90000000000009,204.7,1,1,1.0
538,1,1055.97,308.02,52.97000000000003,195.93,1,1,0.0
539,2,1090.65,310.06,43.84999999999991,204.70999999999998,1,1,1.0
539,1,1055.79,307.21,52.97000000000003,196.09000000000003,1,1,0.0
540,2,1090.56,310.04,43.799999999999955,204.7,1,1,1.0
540,1,1055.79,307.21,50.0,196.09000000000003,1,1,0.0
541,2,1090.48,310.01,43.75,204.70000000000005,1,1,1.0
541,1,1055.79,307.21,47.039999999999964,196.09000000000003,1,1,0.0
542,2,1090.39,309.99,43.69999999999982,204.70000000000005,1,1,1.0
542,1,1055.79,307.21,44.069999999999936,196.09000000000003,1,1,0.0
543,2,1090.31,309.96,43.6400000000001,204.7,1,1,1.0
543,1,1055.79,307.21,41.11000000000013,196.09000000000003,1,1,0.0
544,2,1090.22,309.94,43.59999999999991,204.7,1,1,1.0
544,1,1055.79,307.21,38.1400000000001,196.09000000000003,1,1,0.0
545,2,1090.14,309.91,43.539999999999964,204.7,1,1,1.0
545,1,1055.79,307.21,35.17000000000007,196.09000000000003,1,1,0.0
546,2,1090.05,309.88,43.5,204.70000000000005,1,1,1.0
546,1,1055.79,307.21,32.210000000000036,196.09000000000003,1,1,0.0
547,2,1089.97,309.86,43.440000000000055,204.69999999999993,1,1,1.0
547,1,1055.79,307.21,29.24000000000001,196.09000000000003,1,1,0.0
548,2,1089.88,309.83,43.38999999999987,204.7,1,1,1.0
548,1,1055.79,307.21,26.269999999999982,196.09000000000003,1,1,0.0
549,2,1089.8,309.81,43.340000000000146,204.7,1,1,1.0
549,1,1055.79,307.21,23.309999999999945,196.09000000000003,1,1,0.0
550,2,1089.71,309.78,43.289999999999964,204.70000000000005,1,1,1.0
550,1,1055.79,307.21,20.340000000000146,196.09000000000003,1,1,0.0
551,2,1089.63,309.75,43.22999999999979,204.71000000000004,1,1,1.0
551,1,1055.79,307.21,17.38000000000011,196.09000000000003,1,1,0.0
552,2,1089.54,309.73,43.190000000000055,204.69999999999993,1,1,1.0
552,1,1055.79,307.21,14.410000000000082,196.09000000000003,1,1,0.0
553,2,1089.46,309.7,43.12999999999988,204.7,1,1,1.0
553,1,1055.89,307.11,14.740000000000009,195.02999999999997,1,1,0.0
554,2,1089.37,309.68,43.080000000000155,204.7,1,1,1.0
554,1,1055.99,307.02,15.079999999999927,193.95000000000005,1,1,0.0
555,2,1089.29,309.65,43.02999999999997,204.70000000000005,1,1,1.0
555,1,1056.09,306.92,15.410000000000082,192.89,1,1,0.0
556,2,1089.2,309.63,42.98000000000002,204.70000000000005,1,1,1.0
556,1,1056.19,306.83,15.740000000000009,191.82,1,1,0.0
557,2,1089.12,309.6,42.930000000000064,204.69999999999993,1,1,1.0
557,1,1056.29,306.73,16.079999999999927,190.76,1,1,0.0
558,2,1089.03,309.57,42.88000000000011,204.70999999999998,1,1,1.0
558,1,1056.38,306.64,16.419999999999845,189.68,1,1,0.0
559,2,1088.95,309.55,42.819999999999936,204.7,1,1,1.0
559,1,1056.48,306.54,16.75,188.62,1,1,0.0
560,2,1088.86,309.52,42.7800000000002,204.70000000000005,1,1,1.0
560,1,1056.58,306.45,17.090000000000146,187.55,1,1,0.0
561,2,1088.78,309.5,42.72000000000003,204.70000000000005,1,1,1.0
561,1,1056.68,306.35,17.419999999999845,186.48999999999995,1,1,0.0
562,2,1088.69,309.47,42.669999999999845,204.69999999999993,1,1,1.0
562,1,1056.78,306.26,17.75,185.41000000000003,1,1,0.0
563,2,1088.6,309.45,42.63000000000011,204.7,1,1,1.0
563,1,1056.88,306.16,18.089999999999918,184.34999999999997,1,1,0.0
564,2,1088.52,309.42,42.569999999999936,204.7,1,1,1.0
564,1,1056.97,306.07,18.430000000000064,183.28000000000003,1,1,0.0
565,2,1088.43,309.39,42.51999999999998,204.70000000000005,1,1,1.0
565,1,1057.07,305.97,18.769999999999982,182.21999999999997,1,1,0.0
566,2,1088.35,309.37,42.47000000000003,204.70000000000005,1,1,1.0
566,1,1057.17,305.88,19.09999999999991,181.14,1,1,0.0
567,2,1088.26,309.34,42.42000000000007,204.7,1,1,1.0
567,1,1057.27,305.78,19.430000000000064,180.08000000000004,1,1,0.0
568,2,1088.18,309.32,42.36999999999989,204.7,1,1,1.0
568,1,1057.37,305.69,19.77000000000021,179.01,1,1,0.0
569,2,1088.09,309.29,42.320000000000164,204.7,1,1,1.0
569,1,1057.47,305.59,20.09999999999991,177.94,1,1,0.0
570,2,1088.01,309.26,42.25999999999999,204.71000000000004,1,1,1.0
570,1,1057.57,305.5,20.430000000000064,176.87,1,1,0.0
571,2,1087.92,309.24,42.22000000000003,204.70000000000005,1,1,1.0
571,1,1057.66,305.4,20.779999999999973,175.81,1,1,0.0
572,2,1087.84,309.21,42.16000000000008,204.7,1,1,1.0
572,1,1057.76,305.31,21.1099999999999,174.74,1,1,0.0
573,2,1087.75,309.19,42.1099999999999,204.7,1,1,1.0
573,1,1057.86,305.21,21.440000000000055,173.67000000000002,1,1,0.0
574,2,1087.67,309.16,42.059999999999945,204.7,1,1,1.0
574,1,1057.96,305.12,21.779999999999973,172.60000000000002,1,1,0.0
575,2,1087.58,309.14,42.00999999999999,204.70000000000005,1,1,1.0
575,1,1058.06,305.02,22.110000000000127,171.54000000000002,1,1,0.0
576,2,1087.5,309.11,41.950000000000045,204.69999999999993,1,1,1.0
576,1,1058.16,304.93,22.439999999999827,170.46999999999997,1,1,0.0
577,2,1087.41,309.08,41.909999999999854,204.70999999999998,1,1,1.0
577,1,1058.25,304.83,22.789999999999964,169.40000000000003,1,1,0.0
578,2,1087.33,309.06,41.850000000000136,204.7,1,1,1.0
578,1,1058.35,304.74,23.12000000000012,168.32999999999998,1,1,0.0
579,2,1087.24,309.03,41.809999999999945,204.70000000000005,1,1,1.0
579,1,1058.45,304.64,23.450000000000045,167.27000000000004,1,1,0.0
580,2,1087.16,309.01,41.75,204.70000000000005,1,1,1.0
580,1,1058.55,304.55,23.789999999999964,166.19,1,1,0.0
581,2,1087.07,308.98,41.700000000000045,204.69999999999993,1,1,1.0
581,1,1058.65,304.46,24.11999999999989,165.12,1,1,0.0
582,2,1086.99,308.96,41.65000000000009,204.7,1,1,1.0
582,1,1058.75,304.36,24.450000000000045,164.06,1,1,0.0
583,2,1086.9,308.93,41.59999999999991,204.7,1,1,1.0
583,1,1058.85,304.27,24.79000000000019,162.99,1,1,0.0
584,2,1086.81,308.9,41.549999999999955,204.70000000000005,1,1,1.0
584,1,1058.94,304.17,25.12999999999988,161.91999999999996,1,1,0.0
585,2,1086.73,308.88,41.5,204.70000000000005,1,1,1.0
585,1,1059.04,304.08,25.460000000000036,160.85000000000002,1,1,0.0
586,2,1086.64,308.85,41.44999999999982,204.69999999999993,1,1,1.0
586,1,1059.14,303.98,25.799999999999955,159.78999999999996,1,1,0.0
587,2,1086.56,308.83,41.3900000000001,204.7,1,1,1.0
587,1,1059.24,303.89,26.12999999999988,158.72000000000003,1,1,0.0
588,2,1086.47,308.8,41.34999999999991,204.7,1,1,1.0
588,1,1059.34,303.79,26.470000000000027,157.64999999999998,1,1,0.0
589,2,1086.39,308.77,41.289999999999964,204.71000000000004,1,1,1.0
589,1,1059.44,303.7,26.799999999999955,156.57999999999998,1,1,0.0
590,2,1086.3,308.75,41.25,204.70000000000005,1,1,1.0
590,1,1059.53,303.6,27.1400000000001,155.51999999999998,1,1,0.0
591,2,1086.22,308.72,41.190000000000055,204.69999999999993,1,1,1.0
591,1,1059.63,303.51,27.47999999999979,154.45,1,1,0.0
592,2,1086.13,308.7,41.13999999999987,204.7,1,1,1.0
592,1,1059.73,303.41,27.809999999999945,153.38,1,1,0.0
593,2,1086.05,308.67,41.090000000000146,204.7,1,1,1.0
593,1,1059.83,303.32,28.1400000000001,152.31,1,1,0.0
594,2,1085.96,308.65,41.039999999999964,204.70000000000005,1,1,1.0
594,1,1059.93,303.22,28.480000000000018,151.25,1,1,0.0
595,2,1085.88,308.62,40.97999999999979,204.70000000000005,1,1,1.0
595,1,1060.03,303.13,28.809999999999945,150.17000000000002,1,1,0.0
596,2,1085.79,308.59,40.940000000000055,204.70999999999998,1,1,1.0
596,1,1060.13,303.03,29.139999999999873,149.11,1,1,0.0
597,2,1085.71,308.57,40.87999999999988,204.7,1,1,1.0
597,1,1060.22,302.94,29.49000000000001,148.04000000000002,1,1,0.0
598,2,1085.62,308.54,40.830000000000155,204.7,1,1,1.0
598,1,1060.32,302.84,29.820000000000164,146.98000000000002,1,1,0.0
599,2,1085.54,308.52,40.77999999999997,204.70000000000005,1,1,1.0
599,1,1060.42,302.75,30.149999999999864,145.89999999999998,1,1,0.0
600,2,1085.45,308.49,40.73000000000002,204.70000000000005,1,1,1.0
600,1,1060.52,302.65,30.49000000000001,144.84000000000003,1,1,0.0
601,2,1085.37,308.47,40.680000000000064,204.69999999999993,1,1,1.0
601,1,1060.62,302.56,30.820000000000164,143.76999999999998,1,1,0.0
602,2,1085.28,308.44,40.63000000000011,204.7,1,1,1.0
602,1,1060.72,302.46,31.149999999999864,142.71000000000004,1,1,0.0
603,2,1085.2,308.41,40.569999999999936,204.7,1,1,1.0
603,1,1060.81,302.37,31.5,141.63,1,1,0.0
604,2,1085.11,308.39,40.5300000000002,204.70000000000005,1,1,1.0
604,1,1060.91,302.27,31.829999999999927,140.57,1,1,0.0
605,2,1085.03,308.36,40.47000000000003,204.69999999999993,1,1,1.0
605,1,1061.01,302.18,32.16000000000008,139.5,1,1,0.0
606,2,1084.94,308.34,40.419999999999845,204.7,1,1,1.0
606,1,1061.11,302.08,32.5,138.43,1,1,0.0
607,2,1084.85,308.31,40.38000000000011,204.7,1,1,1.0
607,1,1061.21,301.99,32.82999999999993,137.36,1,1,0.0
608,2,1084.77,308.28,40.319999999999936,204.71000000000004,1,1,1.0
608,1,1061.31,301.89,33.16000000000008,136.3,1,1,0.0
609,2,1084.68,308.26,40.26999999999998,204.70000000000005,1,1,1.0
609,1,1061.41,301.8,33.5,135.22999999999996,1,1,0.0
610,2,1084.6,308.23,40.22000000000003,204.69999999999993,1,1,1.0
610,1,1061.5,301.71,33.83999999999992,134.15000000000003,1,1,0.0
611,2,1084.51,308.21,40.17000000000007,204.7,1,1,1.0
611,1,1061.6,301.61,34.180000000000064,133.08999999999997,1,1,0.0
612,2,1084.43,308.18,40.11999999999989,204.7,1,1,1.0
612,1,1061.7,301.52,34.50999999999999,132.02000000000004,1,1,0.0
613,2,1084.34,308.16,40.070000000000164,204.7,1,1,1.0
613,1,1061.8,301.42,34.840000000000146,130.95999999999998,1,1,0.0
614,2,1084.26,308.13,40.00999999999999,204.70000000000005,1,1,1.0
614,1,1061.9,301.33,35.179999999999836,129.88,1,1,0.0
615,2,1084.17,308.1,39.97000000000003,204.70999999999992,1,1,1.0
615,1,1062.0,301.23,35.50999999999999,128.82,1,1,0.0
616,2,1084.09,308.08,39.91000000000008,204.7,1,1,1.0
616,1,1062.09,301.14,35.850000000000136,127.75,1,1,0.0
617,2,1084.0,308.05,39.8599999999999,204.7,1,1,1.0
617,1,1062.19,301.04,36.190000000000055,126.69,1,1,0.0
618,2,1083.92,308.03,39.809999999999945,204.70000000000005,1,1,1.0
618,1,1062.29,300.95,36.51999999999998,125.61000000000001,1,1,0.0
619,2,1083.83,308.0,39.75999999999999,204.70000000000005,1,1,1.0
619,1,1062.39,300.85,36.84999999999991,124.54999999999995,1,1,0.0
620,2,1083.75,307.98,39.700000000000045,204.69999999999993,1,1,1.0
620,1,1062.49,300.76,37.190000000000055,123.48000000000002,1,1,0.0
621,2,1083.66,307.95,39.659999999999854,204.7,1,1,1.0
621,1,1062.59,300.66,37.51999999999998,122.40999999999997,1,1,0.0
622,2,1083.58,307.92,39.600000000000136,204.7,1,1,1.0
622,1,1062.69,300.57,37.84999999999991,121.34000000000003,1,1,0.0
623,2,1083.49,307.9,39.559999999999945,204.70000000000005,1,1,1.0
623,1,1062.78,300.47,38.200000000000045,120.27999999999997,1,1,0.0
624,2,1083.41,307.87,39.5,204.70000000000005,1,1,1.0
624,1,1062.88,300.38,38.52999999999997,119.20999999999998,1,1,0.0
625,2,1083.32,307.85,39.450000000000045,204.69999999999993,1,1,1.0
625,1,1062.98,300.28,38.8599999999999,118.14000000000004,1,1,0.0
626,2,1083.24,307.82,39.40000000000009,204.7,1,1,1.0
626,1,1063.08,300.19,39.200000000000045,117.07,1,1,0.0
627,2,1083.15,307.79,39.34999999999991,204.70999999999998,1,1,1.0
627,1,1063.18,300.09,39.52999999999997,116.01000000000005,1,1,0.0
628,2,1083.06,307.77,39.299999999999955,204.70000000000005,1,1,1.0
628,1,1063.28,300.0,39.86000000000013,114.94,1,1,0.0
629,2,1082.98,307.74,39.25,204.70000000000005,1,1,1.0
629,1,1063.37,299.9,40.210000000000036,113.87,1,1,0.0
630,2,1082.89,307.72,39.19999999999982,204.69999999999993,1,1,1.0
630,1,1063.47,299.81,40.539999999999964,112.80000000000001,1,1,0.0
631,2,1082.81,307.69,39.1400000000001,204.7,1,1,1.0
631,1,1063.57,299.71,40.87000000000012,111.74000000000001,1,1,0.0
632,2,1082.72,307.67,39.09999999999991,204.7,1,1,1.0
632,1,1063.67,299.62,41.210000000000036,110.67000000000002,1,1,0.0
633,2,1082.64,307.64,39.039999999999964,204.70000000000005,1,1,1.0
633,1,1063.77,299.52,41.539999999999964,109.60000000000002,1,1,0.0
634,2,1082.55,307.61,39.0,204.71000000000004,1,1,1.0
634,1,1063.87,299.43,41.88000000000011,108.52999999999997,1,1,0.0
635,2,1082.47,307.59,38.940000000000055,204.7,1,1,1.0
635,1,1063.96,299.33,42.22000000000003,107.47000000000003,1,1,0.0
636,2,1082.38,307.56,38.88999999999987,204.7,1,1,1.0
636,1,1064.06,299.24,42.549999999999955,106.38999999999999,1,1,0.0
637,2,1082.3,307.54,38.840000000000146,204.7,1,1,1.0
637,1,1064.16,299.14,42.88999999999987,105.33000000000004,1,1,0.0
638,2,1082.21,307.51,38.789999999999964,204.70000000000005,1,1,1.0
638,1,1064.26,299.05,43.22000000000003,104.25999999999999,1,1,0.0
639,2,1082.13,307.49,38.72999999999979,204.70000000000005,1,1,1.0
639,1,1064.36,298.95,43.55000000000018,103.19999999999999,1,1,0.0
640,2,1082.04,307.46,38.690000000000055,204.7,1,1,1.0
640,1,1064.46,298.86,43.88999999999987,102.12,1,1,0.0
641,2,1081.96,307.43,38.62999999999988,204.7,1,1,1.0
641,1,1064.56,298.77,44.22000000000003,101.05000000000001,1,1,0.0
642,2,1081.87,307.41,38.580000000000155,204.7,1,1,1.0
642,1,1064.65,298.67,44.559999999999945,99.99000000000001,1,1,0.0
643,2,1081.79,307.38,38.52999999999997,204.70000000000005,1,1,1.0
643,1,1064.75,298.58,44.90000000000009,98.92000000000002,1,1,0.0
644,2,1081.7,307.36,38.48000000000002,204.69999999999993,1,1,1.0
644,1,1064.85,298.48,45.23000000000002,97.84999999999997,1,1,0.0
645,2,1081.62,307.33,38.430000000000064,204.7,1,1,1.0
645,1,1064.95,298.39,45.559999999999945,96.78000000000003,1,1,0.0
646,2,1081.53,307.3,38.38000000000011,204.70999999999998,1,1,1.0
646,1,1065.05,298.29,45.90000000000009,95.71999999999997,1,1,0.0
647,2,1081.45,307.28,38.319999999999936,204.70000000000005,1,1,1.0
647,1,1065.15,298.2,46.23000000000002,94.63999999999999,1,1,0.0
648,2,1081.36,307.25,38.2800000000002,204.7,1,1,1.0
648,1,1065.24,298.1,46.569999999999936,93.57999999999998,1,1,0.0
649,2,1081.28,307.23,38.22000000000003,204.7,1,1,1.0
649,1,1065.34,298.01,46.91000000000008,92.50999999999999,1,1,0.0
650,2,1081.19,307.2,38.169999999999845,204.7,1,1,1.0
650,1,1065.44,297.91,47.24000000000001,91.44999999999999,1,1,0.0
651,2,1081.1,307.18,38.13000000000011,204.7,1,1,1.0
651,1,1065.54,297.82,47.569999999999936,90.37,1,1,0.0
652,2,1081.02,307.15,38.069999999999936,204.70000000000005,1,1,1.0
652,1,1065.64,297.72,47.909999999999854,89.30999999999995,1,1,0.0
653,2,1080.93,307.12,38.01999999999998,204.70999999999998,1,1,1.0
653,1,1065.74,297.63,48.24000000000001,88.24000000000001,1,1,0.0
654,2,1080.85,307.1,37.97000000000003,204.7,1,1,1.0
654,1,1065.84,297.53,48.570000000000164,87.18,1,1,0.0
655,2,1080.76,307.07,37.92000000000007,204.7,1,1,1.0
655,1,1065.93,297.44,48.919999999999845,86.10000000000002,1,1,0.0
656,2,1080.68,307.05,37.86999999999989,204.7,1,1,1.0
656,1,1066.03,297.34,49.25,85.04000000000002,1,1,0.0
657,2,1080.59,307.02,37.820000000000164,204.70000000000005,1,1,1.0
657,1,1066.13,297.25,49.58999999999992,83.97000000000003,1,1,0.0
658,2,1080.51,307.0,37.75999999999999,204.7,1,1,1.0
658,1,1066.23,297.15,49.92000000000007,82.91000000000003,1,1,0.0
659,2,1080.42,306.97,37.72000000000003,204.7,1,1,1.0
659,1,1066.33,297.06,50.25,81.82999999999998,1,1,0.0
660,2,1080.34,306.94,37.66000000000008,204.7,1,1,1.0
660,1,1066.43,296.96,50.58999999999992,80.77000000000004,1,1,0.0
661,2,1080.25,306.92,37.6099999999999,204.7,1,1,1.0
661,1,1066.52,296.87,50.930000000000064,79.69999999999999,1,1,0.0
662,2,1080.17,306.89,37.559999999999945,204.7,1,1,1.0
662,1,1066.62,296.77,51.26000000000022,78.63,1,1,0.0
663,2,1080.08,306.87,37.50999999999999,204.7,1,1,1.0
663,1,1066.72,296.68,51.59999999999991,77.56,1,1,0.0
664,2,1080.0,306.84,37.450000000000045,204.70000000000005,1,1,1.0
664,1,1066.82,296.58,51.930000000000064,76.5,1,1,0.0
665,2,1079.91,306.81,37.409999999999854,204.70999999999998,1,1,1.0
665,1,1066.92,296.49,52.25999999999999,75.43,1,1,0.0
666,2,1079.83,306.79,37.350000000000136,204.7,1,1,1.0
666,1,1067.02,296.39,52.59999999999991,74.36000000000001,1,1,0.0
667,2,1079.74,306.76,37.309999999999945,204.7,1,1,1.0
667,1,1067.12,296.3,52.930000000000064,73.28999999999996,1,1,0.0
668,2,1079.66,306.74,37.25,204.7,1,1,1.0
668,1,1067.21,296.2,53.26999999999998,72.23000000000002,1,1,0.0
669,2,1079.57,306.71,37.200000000000045,204.70000000000005,1,1,1.0
669,1,1067.31,296.11,53.61000000000013,71.15999999999997,1,1,0.0
670,2,1079.49,306.69,37.15000000000009,204.7,1,1,1.0
670,1,1067.41,296.02,53.93999999999983,70.08000000000004,1,1,0.0
671,2,1079.4,306.66,37.09999999999991,204.7,1,1,1.0
671,1,1067.51,295.92,54.26999999999998,69.01999999999998,1,1,0.0
672,2,1077.86,306.66,38.6400000000001,204.7,1,1,1.0
672,1,1067.61,295.83,54.61000000000013,67.94999999999999,1,1,0.0
673,2,1076.32,306.66,40.180000000000064,204.7,1,1,1.0
673,1,1067.71,295.73,54.940000000000055,66.88,1,1,0.0
674,2,1074.78,306.66,41.72000000000003,204.7,1,1,1.0
674,1,1067.8,295.64,55.27999999999997,65.81,1,1,0.0
675,2,1073.24,306.66,43.25999999999999,204.7,1,1,1.0
675,1,1067.9,295.54,55.61999999999989,64.75,1,1,0.0
676,2,1071.7,306.66,44.799999999999955,204.7,1,1,1.0
676,1,1068.0,295.45,55.950000000000045,63.68000000000001,1,1,0.0
677,2,1068.75,306.77,47.40000000000009,203.68,1,1,1.0
677,1,1068.1,295.35,56.2800000000002,62.60999999999996,1,1,0.0
678,2,1065.8,306.88,50.0,202.67000000000002,1,1,1.0
678,1,1068.2,295.26,56.61999999999989,61.54000000000002,1,1,0.0
679,2,1062.85,306.99,52.600000000000136,201.64999999999998,1,1,1.0
679,1,1068.3,295.16,56.950000000000045,60.47999999999996,1,1,0.0
680,2,1059.9,307.1,55.19999999999982,200.63,1,1,1.0
680,1,1068.4,295.07,57.289999999999964,59.410000000000025,1,1,0.0
681,2,1049.63,308.77,68.93999999999983,211.35000000000002,1,1,1.0
681,1,1068.49,294.97,57.62999999999988,58.339999999999975,1,1,0.0
682,2,1039.37,310.43,82.66000000000008,222.07999999999998,1,1,1.0
682,1,1068.59,294.88,57.960000000000036,57.26999999999998,1,1,0.0
683,2,1029.1,312.1,96.40000000000009,232.79999999999995,1,1,1.0
683,1,1068.69,294.78,58.299999999999955,56.210000000000036,1,1,0.0
684,2,1029.1,314.97,96.40000000000009,234.45999999999992,1,1,1.0
684,1,1068.79,294.69,58.63000000000011,55.139999999999986,1,1,0.0
685,2,1029.1,317.83,96.40000000000009,236.14000000000004,1,1,1.0
685,1,1068.89,294.59,58.95999999999981,54.07000000000005,1,1,0.0
686,2,1029.1,320.7,96.40000000000009,237.8,1,1,1.0
686,1,1068.99,294.5,59.299999999999955,53.0,1,1,0.0
687,2,1027.18,321.05,96.39999999999986,237.8,1,1,1.0
687,1,1069.74,294.5,58.799999999999955,64.5,1,1,0.0
688,2,1025.27,321.41,96.40000000000009,237.8,1,1,1.0
688,1,1070.5,294.5,58.299999999999955,76.0,1,1,0.0
689,2,1023.35,321.76,96.39999999999998,237.79999999999995,1,1,1.0
689,1,1071.26,294.5,57.799999999999955,87.5,1,1,0.0
690,2,1021.43,322.11,96.39999999999998,237.79999999999995,1,1,1.0
690,1,1072.01,294.5,57.299999999999955,99.0,1,1,0.0
691,2,1019.52,322.47,96.40000000000009,237.79999999999995,1,1,1.0
691,1,1072.77,294.5,56.799999999999955,110.5,1,1,0.0
692,2,1017.6,322.82,96.39999999999998,237.8,1,1,1.0
692,1,1073.53,294.5,56.299999999999955,122.0,1,1,0.0
693,2,1015.68,323.17,96.39999999999998,237.8,1,1,1.0
693,1,1074.29,294.5,55.799999999999955,133.5,1,1,0.0
694,2,1013.77,323.53,96.40000000000009,237.79000000000008,1,1,1.0
694,1,1075.04,294.5,55.299999999999955,145.0,1,1,0.0
695,2,1011.85,323.88,96.39999999999998,237.79999999999995,1,1,1.0
695,1,1075.8,294.5,54.799999999999955,156.5,1,1,0.0
696,2,1009.99,322.7,96.40000000000009,238.89000000000004,1,1,1.0
696,1,1076.07,294.45,54.799999999999955,161.91000000000003,1,1,0.0
697,2,1008.13,321.52,96.39999999999998,239.98000000000002,1,1,1.0
697,1,1076.34,294.41,54.80000000000018,167.31,1,1,0.0
698,2,1006.27,320.35,96.40000000000009,241.05999999999995,1,1,1.0
698,1,1076.62,294.36,54.80000000000018,172.71999999999997,1,1,0.0
699,2,1004.41,319.17,96.39999999999998,242.13999999999993,1,1,1.0
699,1,1076.89,294.32,54.799999999999955,178.12,1,1,0.0
700,2,1002.55,317.99,96.40000000000009,243.23000000000002,1,1,1.0
700,1,1077.16,294.27,54.799999999999955,183.53000000000003,1,1,0.0
701,2,1000.69,316.81,96.39999999999986,244.32,1,1,1.0
701,1,1077.43,294.23,54.799999999999955,188.93,1,1,0.0
702,2,998.82,315.63,96.40999999999997,245.40999999999997,1,1,1.0
702,1,1077.71,294.18,54.799999999999955,194.33999999999997,1,1,0.0
703,2,996.96,314.46,96.39999999999986,246.49000000000007,1,1,1.0
703,1,1077.98,294.14,54.799999999999955,199.74,1,1,0.0
704,2,995.1,313.28,96.39999999999998,247.58000000000004,1,1,1.0
704,1,1078.25,294.09,54.799999999999955,205.15000000000003,1,1,0.0
705,2,993.24,312.1,96.40000000000009,248.66999999999996,1,1,1.0
705,1,1078.52,294.04,54.799999999999955,210.56,1,1,0.0
706,2,991.11,312.1,98.53000000000009,248.66999999999996,1,1,1.0
706,1,1078.52,294.04,55.63000000000011,210.56,1,1,0.0
707,2,988.97,312.1,100.67000000000007,248.66999999999996,1,1,1.0
707,1,1078.52,294.04,56.47000000000003,210.56,1,1,0.0
708,2,986.84,312.1,102.80000000000007,248.66999999999996,1,1,1.0
708,1,1078.52,294.04,57.299999999999955,210.56,1,1,0.0
709,2,984.7,312.1,104.94000000000005,248.66999999999996,1,1,1.0
709,1,1078.52,294.04,58.13000000000011,210.56,1,1,0.0
710,2,982.57,312.1,107.07000000000005,248.66999999999996,1,1,1.0
710,1,1078.52,294.04,58.960000000000036,210.56,1,1,0.0
711,2,980.43,312.1,109.21000000000015,248.66999999999996,1,1,1.0
711,1,1078.52,294.04,59.789999999999964,210.56,1,1,0.0
712,2,978.3,312.1,111.34000000000015,248.66999999999996,1,1,1.0
712,1,1078.52,294.04,60.62000000000012,210.56,1,1,0.0
713,2,977.44,312.1,112.20000000000005,250.52999999999997,1,1,1.0
713,1,1078.52,294.04,61.450000000000045,210.56,1,1,0.0
714,2,976.57,312.1,113.07000000000005,252.38,1,1,1.0
714,1,1078.52,294.04,62.289999999999964,210.56,1,1,0.0
715,2,975.71,312.1,113.93000000000006,254.24,1,1,1.0
715,1,1078.52,294.04,63.12000000000012,210.56,1,1,0.0
716,2,974.85,312.1,114.79000000000008,256.1,1,1,1.0
716,1,1078.52,294.04,63.950000000000045,210.56,1,1,0.0
717,2,973.98,312.1,115.66000000000008,257.9599999999999,1,1,1.0
717,1,1078.52,294.04,64.77999999999997,210.56,1,1,0.0
718,2,973.12,312.1,116.5200000000001,259.80999999999995,1,1,1.0
718,1,1077.83,294.04,66.52999999999997,211.28999999999996,1,1,0.0
719,2,972.26,312.1,117.38000000000011,261.66999999999996,1,1,1.0
719,1,1077.13,294.04,68.28999999999996,212.01,1,1,0.0
720,2,971.39,312.1,118.25000000000011,263.53,1,1,1.0
720,1,1076.44,294.04,70.03999999999996,212.73999999999995,1,1,0.0
721,2,970.53,312.1,119.11000000000013,265.39,1,1,1.0
721,1,1075.74,294.04,71.79999999999995,213.46999999999997,1,1,0.0
722,2,969.66,312.1,119.98000000000013,267.24,1,1,1.0
722,1,1075.05,294.04,73.54999999999995,214.19,1,1,0.0
723,2,968.8,312.1,120.84000000000015,269.1,1,1,1.0
723,1,1074.35,294.04,75.31000000000017,214.91999999999996,1,1,0.0
724,2,967.26,311.28,116.3900000000001,269.9200000000001,1,1,1.0
724,1,1073.66,294.04,77.05999999999995,215.64999999999998,1,1,0.0
725,2,965.72,310.46,111.95000000000005,270.74000000000007,1,1,1.0
725,1,1072.96,294.04,78.81999999999994,216.37,1,1,0.0
726,2,964.18,309.64,107.50000000000011,271.56000000000006,1,1,1.0
726,1,1072.27,294.04,80.56999999999994,217.09999999999997,1,1,0.0
727,2,962.64,308.82,103.05000000000007,272.38000000000005,1,1,1.0
727,1,1071.57,294.04,82.33000000000015,217.82999999999998,1,1,0.0
728,2,961.1,308.0,98.60000000000002,273.20000000000005,1,1,1.0
728,1,1070.88,294.04,84.07999999999993,218.55,1,1,0.0
729,2,959.89,308.0,99.81000000000006,274.61,1,1,1.0
729,1,1070.18,294.04,85.83999999999992,219.28000000000003,1,1,0.0
730,2,958.68,308.0,101.0200000000001,276.02,1,1,1.0
730,1,1069.49,294.04,87.58999999999992,220.00999999999993,1,1,0.0
731,2,957.47,308.0,102.23000000000002,277.42999999999995,1,1,1.0
731,1,1068.79,294.04,89.35000000000014,220.72999999999996,1,1,0.0
732,2,956.26,308.0,103.44000000000005,278.84000000000003,1,1,1.0
732,1,1068.1,294.04,91.10000000000014,221.45999999999998,1,1,0.0
733,2,955.04,308.0,104.66000000000008,280.26,1,1,1.0
733,1,1068.1,296.04,91.10000000000014,225.82,1,1,0.0
734,2,953.83,308.0,105.87,281.66999999999996,1,1,1.0
734,1,1068.1,298.03,91.10000000000014,230.19000000000005,1,1,0.0
735,2,952.62,308.0,107.08000000000004,283.08000000000004,1,1,1.0
735,1,1068.1,300.02,91.10000000000014,234.56000000000006,1,1,0.0
736,2,951.41,308.0,108.29000000000008,284.49,1,1,1.0
736,1,1068.1,302.01,91.10000000000014,238.93000000000006,1,1,0.0
737,2,950.2,308.0,109.5,285.9,1,1,1.0
737,1,1068.1,304.0,91.10000000000014,243.29999999999995,1,1,0.0
738,2,950.2,308.0,109.5,285.9,1,1,1.0
738,1,1068.1,304.0,91.10000000000014,243.29999999999995,1,1,0.0
739,2,950.2,308.0,109.5,285.9,1,1,1.0
739,1,1068.1,304.0,91.10000000000014,243.29999999999995,1,1,0.0
740,2,950.2,308.0,109.5,285.9,1,1,1.0
740,1,1068.1,304.0,91.10000000000014,243.29999999999995,1,1,0.0
741,2,950.2,308.0,109.5,285.9,1,1,1.0
741,1,1068.1,304.0,91.10000000000014,243.29999999999995,1,1,0.0
742,2,950.2,308.0,109.5,285.9,1,1,1.0
742,1,1068.1,304.0,91.10000000000014,243.29999999999995,1,1,0.0
743,2,950.2,308.0,109.5,285.9,1,1,1.0
743,1,1068.1,304.0,91.10000000000014,243.29999999999995,1,1,0.0
744,2,950.2,308.0,109.5,285.9,1,1,1.0
744,1,1068.1,304.0,91.10000000000014,243.29999999999995,1,1,0.0
745,2,950.2,308.0,109.5,285.9,1,1,1.0
745,1,1068.1,304.0,91.10000000000014,243.29999999999995,1,1,0.0
746,2,950.2,308.0,109.5,285.9,1,1,1.0
746,1,1068.1,304.0,91.10000000000014,243.29999999999995,1,1,0.0
747,2,950.2,308.0,109.5,285.9,1,1,1.0
747,1,1068.1,304.0,91.10000000000014,243.29999999999995,1,1,0.0
748,2,950.2,308.0,109.5,285.9,1,1,1.0
748,1,1068.1,304.0,91.10000000000014,243.29999999999995,1,1,0.0
749,2,950.2,308.0,109.5,285.9,1,1,1.0
749,1,1068.1,304.0,91.10000000000014,243.29999999999995,1,1,0.0
750,2,950.2,308.0,109.5,285.9,1,1,1.0
750,1,1068.1,304.0,91.10000000000014,243.29999999999995,1,1,0.0
751,2,950.2,308.0,109.5,285.9,1,1,1.0
751,1,1068.1,304.0,91.10000000000014,243.29999999999995,1,1,0.0
752,2,950.2,308.0,109.5,285.9,1,1,1.0
752,1,1068.1,304.0,91.10000000000014,243.29999999999995,1,1,0.0
753,2,950.2,308.0,109.5,285.9,1,1,1.0
753,1,1068.1,304.0,91.10000000000014,243.29999999999995,1,1,0.0
754,2,950.2,308.0,109.5,285.9,1,1,1.0
754,1,1068.1,304.0,91.10000000000014,243.29999999999995,1,1,0.0
755,2,950.2,308.0,109.5,285.9,1,1,1.0
755,1,1068.1,304.0,91.10000000000014,243.29999999999995,1,1,0.0
756,2,950.2,308.0,109.5,285.9,1,1,1.0
756,1,1068.1,304.0,91.10000000000014,243.29999999999995,1,1,0.0
757,2,950.2,308.0,109.5,285.9,1,1,1.0
757,1,1068.1,304.0,91.10000000000014,243.29999999999995,1,1,0.0
758,2,950.2,308.0,109.5,285.9,1,1,1.0
758,1,1068.1,304.0,91.10000000000014,243.29999999999995,1,1,0.0
759,2,950.2,308.0,109.5,285.9,1,1,1.0
759,1,1068.1,304.0,91.10000000000014,243.29999999999995,1,1,0.0
760,2,950.2,308.0,109.5,285.9,1,1,1.0
760,1,1068.1,304.0,91.10000000000014,243.29999999999995,1,1,0.0
761,2,950.2,308.0,109.5,285.9,1,1,1.0
761,1,1068.1,304.0,91.10000000000014,243.29999999999995,1,1,0.0
762,2,950.2,308.0,109.5,285.9,1,1,1.0
762,1,1068.1,304.0,91.10000000000014,243.29999999999995,1,1,0.0
763,2,950.2,308.0,109.5,285.9,1,1,1.0
763,1,1068.1,304.0,91.10000000000014,243.29999999999995,1,1,0.0
764,2,950.2,308.0,109.5,285.9,1,1,1.0
764,1,1068.1,304.0,91.10000000000014,243.29999999999995,1,1,0.0
765,2,950.2,308.0,109.5,285.9,1,1,1.0
765,1,1068.1,304.0,91.10000000000014,243.29999999999995,1,1,0.0
766,2,950.2,308.0,109.5,285.9,1,1,1.0
766,1,1068.1,304.0,91.10000000000014,243.29999999999995,1,1,0.0
767,2,950.2,308.0,109.5,285.9,1,1,1.0
767,1,1068.1,304.0,91.10000000000014,243.29999999999995,1,1,0.0
768,2,950.2,308.0,109.5,285.9,1,1,1.0
768,1,1068.1,304.0,91.10000000000014,243.29999999999995,1,1,0.0
769,2,950.2,308.0,109.5,285.9,1,1,1.0
769,1,1068.1,304.0,91.10000000000014,243.29999999999995,1,1,0.0
770,2,950.2,308.0,109.5,285.9,1,1,1.0
770,1,1068.1,304.0,91.10000000000014,243.29999999999995,1,1,0.0
771,2,950.2,308.0,109.5,285.9,1,1,1.0
771,1,1068.1,304.0,91.10000000000014,243.29999999999995,1,1,0.0
772,2,950.2,308.0,109.5,285.9,1,1,1.0
772,1,1068.1,304.0,91.10000000000014,243.29999999999995,1,1,0.0
773,2,950.2,308.0,109.5,285.9,1,1,1.0
773,1,1068.1,304.0,91.10000000000014,243.29999999999995,1,1,0.0
774,2,950.2,308.0,109.5,285.9,1,1,1.0
774,1,1068.1,304.0,91.10000000000014,243.29999999999995,1,1,0.0
775,2,950.2,308.0,109.5,285.9,1,1,1.0
775,1,1068.1,304.0,91.10000000000014,243.29999999999995,1,1,0.0
776,2,950.2,308.0,109.5,285.9,1,1,1.0
776,1,1068.1,304.0,91.10000000000014,243.29999999999995,1,1,0.0
777,2,950.2,308.0,109.5,285.9,1,1,1.0
777,1,1068.1,304.0,91.10000000000014,243.29999999999995,1,1,0.0
778,2,950.2,308.0,109.5,285.9,1,1,1.0
778,1,1068.1,304.0,91.10000000000014,243.29999999999995,1,1,0.0
779,2,950.2,308.0,109.5,285.9,1,1,1.0
779,1,1068.1,304.0,91.10000000000014,243.29999999999995,1,1,0.0
780,2,950.2,308.0,109.5,285.9,1,1,1.0
780,1,1068.1,304.0,91.10000000000014,243.29999999999995,1,1,0.0
781,2,950.2,308.0,109.5,285.9,1,1,1.0
781,1,1068.1,304.0,91.10000000000014,243.29999999999995,1,1,0.0
782,2,950.2,308.0,109.5,285.9,1,1,1.0
782,1,1068.1,304.0,91.10000000000014,243.29999999999995,1,1,0.0
783,2,950.2,308.0,109.5,285.9,1,1,1.0
783,1,1068.1,304.0,91.10000000000014,243.29999999999995,1,1,0.0
784,2,950.2,308.0,109.5,285.9,1,1,1.0
784,1,1068.1,304.0,91.10000000000014,243.29999999999995,1,1,0.0
785,2,950.2,308.0,109.5,285.9,1,1,1.0
785,1,1068.1,304.0,91.10000000000014,243.29999999999995,1,1,0.0
786,2,950.2,308.0,109.5,285.9,1,1,1.0
786,1,1068.1,304.0,91.10000000000014,243.29999999999995,1,1,0.0
787,2,950.2,308.0,109.5,285.9,1,1,1.0
787,1,1068.1,304.0,91.10000000000014,243.29999999999995,1,1,0.0
788,2,950.2,308.0,109.5,285.9,1,1,1.0
788,1,1068.1,304.0,91.10000000000014,243.29999999999995,1,1,0.0
789,2,950.2,308.0,109.5,285.9,1,1,1.0
789,1,1068.1,304.0,91.10000000000014,243.29999999999995,1,1,0.0
790,2,950.2,308.0,109.5,285.9,1,1,1.0
790,1,1068.1,304.0,91.10000000000014,243.29999999999995,1,1,0.0
791,2,950.2,308.0,109.5,285.9,1,1,1.0
791,1,1068.1,304.0,91.10000000000014,243.29999999999995,1,1,0.0
792,2,950.2,308.0,109.5,285.9,1,1,1.0
792,1,1068.1,304.0,91.10000000000014,243.29999999999995,1,1,0.0
793,2,950.2,308.0,109.5,285.9,1,1,1.0
793,1,1068.1,304.0,91.10000000000014,243.29999999999995,1,1,0.0
794,2,950.2,308.0,109.5,285.9,1,1,1.0
794,1,1068.1,304.0,91.10000000000014,243.29999999999995,1,1,0.0
795,2,950.2,308.0,109.5,285.9,1,1,1.0
795,1,1068.1,304.0,91.10000000000014,243.29999999999995,1,1,0.0
796,2,950.2,308.0,109.5,285.9,1,1,1.0
796,1,1068.1,304.0,91.10000000000014,243.29999999999995,1,1,0.0
797,2,950.2,308.0,109.5,285.9,1,1,1.0
797,1,1068.1,304.0,91.10000000000014,243.29999999999995,1,1,0.0
798,2,950.2,308.0,109.5,285.9,1,1,1.0
798,1,1068.1,304.0,91.10000000000014,243.29999999999995,1,1,0.0
799,2,950.2,308.0,109.5,285.9,1,1,1.0
799,1,1068.1,304.0,91.10000000000014,243.29999999999995,1,1,0.0
800,2,950.2,308.0,109.5,285.9,1,1,1.0
800,1,1068.1,304.0,91.10000000000014,243.29999999999995,1,1,0.0
801,2,950.2,308.0,109.5,285.9,1,1,1.0
801,1,1068.1,304.0,91.10000000000014,243.29999999999995,1,1,0.0
802,2,950.2,308.0,109.5,285.9,1,1,1.0
802,1,1068.1,304.0,91.10000000000014,243.29999999999995,1,1,0.0
803,2,950.2,308.0,109.5,285.9,1,1,1.0
803,1,1068.1,304.0,91.10000000000014,243.29999999999995,1,1,0.0
804,2,950.2,308.0,109.5,285.9,1,1,1.0
804,1,1068.1,304.0,91.10000000000014,243.29999999999995,1,1,0.0
805,2,950.2,308.0,109.5,285.9,1,1,1.0
805,1,1068.1,304.0,91.10000000000014,243.29999999999995,1,1,0.0
806,2,950.2,308.0,109.5,285.9,1,1,1.0
806,1,1068.1,304.0,91.10000000000014,243.29999999999995,1,1,0.0
807,2,950.2,308.0,109.5,285.9,1,1,1.0
807,1,1068.1,304.0,91.10000000000014,243.29999999999995,1,1,0.0
808,2,950.2,308.0,109.5,285.9,1,1,1.0
808,1,1068.1,304.0,91.10000000000014,243.29999999999995,1,1,0.0
809,2,950.2,308.0,109.5,285.9,1,1,1.0
809,1,1068.1,304.0,91.10000000000014,243.29999999999995,1,1,0.0
810,2,950.2,308.0,109.5,285.9,1,1,1.0
810,1,1068.1,304.0,91.10000000000014,243.29999999999995,1,1,0.0
811,2,950.2,308.0,109.5,285.9,1,1,1.0
811,1,1068.1,304.0,91.10000000000014,243.29999999999995,1,1,0.0
812,2,950.2,308.0,109.5,285.9,1,1,1.0
812,1,1068.1,304.0,91.10000000000014,243.29999999999995,1,1,0.0
813,2,950.2,308.0,109.5,285.9,1,1,1.0
813,1,1068.1,304.0,91.10000000000014,243.29999999999995,1,1,0.0
814,2,950.2,308.0,109.5,285.9,1,1,1.0
814,1,1068.1,304.0,91.10000000000014,243.29999999999995,1,1,0.0
815,2,950.2,308.0,109.5,285.9,1,1,1.0
815,1,1068.1,304.0,91.10000000000014,243.29999999999995,1,1,0.0
816,2,950.2,308.0,109.5,285.9,1,1,1.0
816,1,1068.1,304.0,91.10000000000014,243.29999999999995,1,1,0.0
817,2,950.2,308.0,109.5,285.9,1,1,1.0
817,1,1068.1,304.0,91.10000000000014,243.29999999999995,1,1,0.0
818,2,950.2,308.0,109.5,285.9,1,1,1.0
818,1,1068.1,304.0,91.10000000000014,243.29999999999995,1,1,0.0
819,2,950.2,308.0,109.5,285.9,1,1,1.0
819,1,1068.1,304.0,91.10000000000014,243.29999999999995,1,1,0.0
820,2,950.2,308.0,109.5,285.9,1,1,1.0
820,1,1068.1,304.0,91.10000000000014,243.29999999999995,1,1,0.0
821,2,950.2,308.0,109.5,285.9,1,1,1.0
821,1,1068.1,304.0,91.10000000000014,243.29999999999995,1,1,0.0
822,2,950.2,308.0,109.5,285.9,1,1,1.0
822,1,1068.1,304.0,91.10000000000014,243.29999999999995,1,1,0.0
823,2,950.2,308.0,109.5,285.9,1,1,1.0
823,1,1068.1,304.0,91.10000000000014,243.29999999999995,1,1,0.0
824,2,950.2,308.0,109.5,285.9,1,1,1.0
824,1,1068.1,304.0,91.10000000000014,243.29999999999995,1,1,0.0
825,2,950.2,308.0,109.5,285.9,1,1,1.0
825,1,1068.1,304.0,91.10000000000014,243.29999999999995,1,1,0.0
826,2,950.2,308.0,109.5,285.9,1,1,1.0
826,1,1068.1,304.0,91.10000000000014,243.29999999999995,1,1,0.0
827,2,950.2,308.0,109.5,285.9,1,1,1.0
827,1,1068.1,304.0,91.10000000000014,243.29999999999995,1,1,0.0
828,2,950.2,308.0,109.5,285.9,1,1,1.0
828,1,1068.1,304.0,91.10000000000014,243.29999999999995,1,1,0.0
829,2,950.2,308.0,109.5,285.9,1,1,1.0
829,1,1068.1,304.0,91.10000000000014,243.29999999999995,1,1,0.0
830,2,950.2,308.0,109.5,285.9,1,1,1.0
830,1,1068.1,304.0,91.10000000000014,243.29999999999995,1,1,0.0
831,2,950.2,308.0,109.5,285.9,1,1,1.0
831,1,1068.1,304.0,91.10000000000014,243.29999999999995,1,1,0.0
832,2,950.2,308.0,109.5,285.9,1,1,1.0
832,1,1068.1,304.0,91.10000000000014,243.29999999999995,1,1,0.0
833,2,950.2,308.0,109.5,285.9,1,1,1.0
833,1,1068.1,304.0,91.10000000000014,243.29999999999995,1,1,0.0
834,2,950.2,308.0,109.5,285.9,1,1,1.0
834,1,1068.1,304.0,91.10000000000014,243.29999999999995,1,1,0.0
835,2,950.2,308.0,109.5,285.9,1,1,1.0
835,1,1068.1,304.0,91.10000000000014,243.29999999999995,1,1,0.0
836,2,950.2,308.0,109.5,285.9,1,1,1.0
836,1,1068.1,304.0,91.10000000000014,243.29999999999995,1,1,0.0
837,2,950.2,308.0,109.5,285.9,1,1,1.0
837,1,1068.1,304.0,91.10000000000014,243.29999999999995,1,1,0.0
838,2,950.2,308.0,109.5,285.9,1,1,1.0
838,1,1068.1,304.0,91.10000000000014,243.29999999999995,1,1,0.0
839,2,950.2,308.0,109.5,285.9,1,1,1.0
839,1,1068.1,304.0,91.10000000000014,243.29999999999995,1,1,0.0
840,2,950.2,308.0,109.5,285.9,1,1,1.0
840,1,1068.1,304.0,91.10000000000014,243.29999999999995,1,1,0.0
841,2,950.2,308.0,109.5,285.9,1,1,1.0
841,1,1068.1,304.0,91.10000000000014,243.29999999999995,1,1,0.0
842,2,950.2,308.0,109.5,285.9,1,1,1.0
842,1,1068.1,304.0,91.10000000000014,243.29999999999995,1,1,0.0
843,2,950.2,308.0,109.5,285.9,1,1,1.0
843,1,1068.1,304.0,91.10000000000014,243.29999999999995,1,1,0.0
844,2,950.2,308.0,109.5,285.9,1,1,1.0
844,1,1068.1,304.0,91.10000000000014,243.29999999999995,1,1,0.0
845,2,950.2,308.0,109.5,285.9,1,1,1.0
845,1,1068.1,304.0,91.10000000000014,243.29999999999995,1,1,0.0
846,2,950.2,308.0,109.5,285.9,1,1,1.0
846,1,1068.1,304.0,91.10000000000014,243.29999999999995,1,1,0.0
847,2,950.2,308.0,109.5,285.9,1,1,1.0
847,1,1068.1,304.0,91.10000000000014,243.29999999999995,1,1,0.0
848,2,950.2,308.0,109.5,285.9,1,1,1.0
848,1,1068.1,304.0,91.10000000000014,243.29999999999995,1,1,0.0
849,2,950.2,308.0,109.5,285.9,1,1,1.0
849,1,1068.1,304.0,91.10000000000014,243.29999999999995,1,1,0.0
850,2,950.2,308.0,109.5,285.9,1,1,1.0
850,1,1068.1,304.0,91.10000000000014,243.29999999999995,1,1,0.0
851,2,950.2,308.0,109.5,285.9,1,1,1.0
851,1,1068.1,304.0,91.10000000000014,243.29999999999995,1,1,0.0
852,2,950.2,308.0,109.5,285.9,1,1,1.0
852,1,1068.1,304.0,91.10000000000014,243.29999999999995,1,1,0.0
853,2,950.2,308.0,109.5,285.9,1,1,1.0
853,1,1068.1,304.0,91.10000000000014,243.29999999999995,1,1,0.0
854,2,950.2,308.0,109.5,285.9,1,1,1.0
854,1,1068.1,304.0,91.10000000000014,243.29999999999995,1,1,0.0
855,2,950.2,308.0,109.5,285.9,1,1,1.0
855,1,1068.1,304.0,91.10000000000014,243.29999999999995,1,1,0.0
856,2,950.2,308.0,109.5,285.9,1,1,1.0
856,1,1068.1,304.0,91.10000000000014,243.29999999999995,1,1,0.0
857,2,950.2,308.0,109.5,285.9,1,1,1.0
857,1,1068.1,304.0,91.10000000000014,243.29999999999995,1,1,0.0
858,2,950.2,308.0,109.5,285.9,1,1,1.0
858,1,1068.1,304.0,91.10000000000014,243.29999999999995,1,1,0.0
859,2,950.2,308.0,109.5,285.9,1,1,1.0
859,1,1068.1,304.0,91.10000000000014,243.29999999999995,1,1,0.0
860,2,950.2,308.0,109.5,285.9,1,1,1.0
860,1,1068.1,304.0,91.10000000000014,243.29999999999995,1,1,0.0
861,2,950.2,308.0,109.5,285.9,1,1,1.0
861,1,1068.1,304.0,91.10000000000014,243.29999999999995,1,1,0.0
862,2,950.2,308.0,109.5,285.9,1,1,1.0
862,1,1068.1,304.0,91.10000000000014,243.29999999999995,1,1,0.0
863,2,950.2,308.0,109.5,285.9,1,1,1.0
863,1,1068.1,304.0,91.10000000000014,243.29999999999995,1,1,0.0
864,2,950.2,308.0,109.5,285.9,1,1,1.0
864,1,1068.1,304.0,91.10000000000014,243.29999999999995,1,1,0.0
865,2,950.2,308.0,109.5,285.9,1,1,1.0
865,1,1068.1,304.0,91.10000000000014,243.29999999999995,1,1,0.0
866,2,950.2,308.0,109.5,285.9,1,1,1.0
866,1,1068.1,304.0,91.10000000000014,243.29999999999995,1,1,0.0
867,2,950.2,308.0,109.5,285.9,1,1,1.0
867,1,1068.1,304.0,91.10000000000014,243.29999999999995,1,1,0.0
868,2,950.2,308.0,109.5,285.9,1,1,1.0
868,1,1068.1,304.0,91.10000000000014,243.29999999999995,1,1,0.0
869,2,950.2,308.0,109.5,285.9,1,1,1.0
869,1,1068.1,304.0,91.10000000000014,243.29999999999995,1,1,0.0
870,2,950.2,308.0,109.5,285.9,1,1,1.0
870,1,1068.1,304.0,91.10000000000014,243.29999999999995,1,1,0.0
871,2,950.2,308.0,109.5,285.9,1,1,1.0
871,1,1068.1,304.0,91.10000000000014,243.29999999999995,1,1,0.0
872,2,950.2,308.0,109.5,285.9,1,1,1.0
872,1,1068.1,304.0,91.10000000000014,243.29999999999995,1,1,0.0
873,2,950.2,308.0,109.5,285.9,1,1,1.0
873,1,1068.1,304.0,91.10000000000014,243.29999999999995,1,1,0.0
874,2,950.2,308.0,109.5,285.9,1,1,1.0
874,1,1068.1,304.0,91.10000000000014,243.29999999999995,1,1,0.0
875,2,950.2,308.0,109.5,285.9,1,1,1.0
875,1,1068.1,304.0,91.10000000000014,243.29999999999995,1,1,0.0
876,2,950.2,308.0,109.5,285.9,1,1,1.0
876,1,1068.1,304.0,91.10000000000014,243.29999999999995,1,1,0.0
877,2,950.2,308.0,109.5,285.9,1,1,1.0
877,1,1068.1,304.0,91.10000000000014,243.29999999999995,1,1,0.0
878,2,950.2,308.0,109.5,285.9,1,1,1.0
878,1,1068.1,304.0,91.10000000000014,243.29999999999995,1,1,0.0
879,2,950.2,308.0,109.5,285.9,1,1,1.0
879,1,1068.1,304.0,91.10000000000014,243.29999999999995,1,1,0.0
880,2,950.2,308.0,109.5,285.9,1,1,1.0
880,1,1068.1,304.0,91.10000000000014,243.29999999999995,1,1,0.0
881,2,950.2,308.0,109.5,285.9,1,1,1.0
881,1,1068.1,304.0,91.10000000000014,243.29999999999995,1,1,0.0
882,2,950.2,308.0,109.5,285.9,1,1,1.0
882,1,1068.1,304.0,91.10000000000014,243.29999999999995,1,1,0.0
883,2,950.2,308.0,109.5,285.9,1,1,1.0
883,1,1068.1,304.0,91.10000000000014,243.29999999999995,1,1,0.0
884,2,950.2,308.0,109.5,285.9,1,1,1.0
884,1,1068.1,304.0,91.10000000000014,243.29999999999995,1,1,0.0
885,2,950.2,308.0,109.5,285.9,1,1,1.0
885,1,1068.1,304.0,91.10000000000014,243.29999999999995,1,1,0.0
886,2,950.2,308.0,109.5,285.9,1,1,1.0
886,1,1068.1,304.0,91.10000000000014,243.29999999999995,1,1,0.0
887,2,950.2,308.0,109.5,285.9,1,1,1.0
887,1,1068.1,304.0,91.10000000000014,243.29999999999995,1,1,0.0
888,2,950.2,308.0,109.5,285.9,1,1,1.0
888,1,1068.1,304.0,91.10000000000014,243.29999999999995,1,1,0.0
889,2,950.2,308.0,109.5,285.9,1,1,1.0
889,1,1068.1,304.0,91.10000000000014,243.29999999999995,1,1,0.0
890,2,950.2,308.0,109.5,285.9,1,1,1.0
890,1,1068.1,304.0,91.10000000000014,243.29999999999995,1,1,0.0
891,2,950.2,308.0,109.5,285.9,1,1,1.0
891,1,1068.1,304.0,91.10000000000014,243.29999999999995,1,1,0.0
892,2,950.2,308.0,109.5,285.9,1,1,1.0
892,1,1068.1,304.0,91.10000000000014,243.29999999999995,1,1,0.0
893,2,950.2,308.0,109.5,285.9,1,1,1.0
893,1,1068.1,304.0,91.10000000000014,243.29999999999995,1,1,0.0
894,2,950.2,308.0,109.5,285.9,1,1,1.0
894,1,1068.1,304.0,91.10000000000014,243.29999999999995,1,1,0.0
895,2,950.2,308.0,109.5,285.9,1,1,1.0
895,1,1068.1,304.0,91.10000000000014,243.29999999999995,1,1,0.0
896,2,950.2,308.0,109.5,285.9,1,1,1.0
896,1,1068.1,304.0,91.10000000000014,243.29999999999995,1,1,0.0
897,2,950.2,308.0,109.5,285.9,1,1,1.0
897,1,1068.1,304.0,91.10000000000014,243.29999999999995,1,1,0.0
898,2,950.2,308.0,109.5,285.9,1,1,1.0
898,1,1068.1,304.0,91.10000000000014,243.29999999999995,1,1,0.0
899,2,950.2,308.0,109.5,285.9,1,1,1.0
899,1,1068.1,304.0,91.10000000000014,243.29999999999995,1,1,0.0
900,2,950.2,308.0,109.5,285.9,1,1,1.0
900,1,1068.1,304.0,91.10000000000014,243.29999999999995,1,1,0.0
901,2,950.2,308.0,109.5,285.9,1,1,1.0
901,1,1068.1,304.0,91.10000000000014,243.29999999999995,1,1,0.0
902,2,950.2,308.0,109.5,285.9,1,1,1.0
902,1,1068.1,304.0,91.10000000000014,243.29999999999995,1,1,0.0
903,2,950.2,308.0,109.5,285.9,1,1,1.0
903,1,1068.1,304.0,91.10000000000014,243.29999999999995,1,1,0.0
904,2,950.2,308.0,109.5,285.9,1,1,1.0
904,1,1068.1,304.0,91.10000000000014,243.29999999999995,1,1,0.0
905,2,950.2,308.0,109.5,285.9,1,1,1.0
905,1,1068.1,304.0,91.10000000000014,243.29999999999995,1,1,0.0
906,2,950.2,308.0,109.5,285.9,1,1,1.0
906,1,1068.1,304.0,91.10000000000014,243.29999999999995,1,1,0.0
907,2,950.2,308.0,109.5,285.9,1,1,1.0
907,1,1068.1,304.0,91.10000000000014,243.29999999999995,1,1,0.0
908,2,950.2,308.0,109.5,285.9,1,1,1.0
908,1,1068.1,304.0,91.10000000000014,243.29999999999995,1,1,0.0
909,2,950.2,308.0,109.5,285.9,1,1,1.0
909,1,1068.1,304.0,91.10000000000014,243.29999999999995,1,1,0.0
910,2,950.2,308.0,109.5,285.9,1,1,1.0
910,1,1068.1,304.0,91.10000000000014,243.29999999999995,1,1,0.0
911,2,950.2,308.0,109.5,285.9,1,1,1.0
911,1,1068.1,304.0,91.10000000000014,243.29999999999995,1,1,0.0
912,2,950.2,308.0,109.5,285.9,1,1,1.0
912,1,1068.1,304.0,91.10000000000014,243.29999999999995,1,1,0.0
913,2,950.2,308.0,109.5,285.9,1,1,1.0
913,1,1068.1,304.0,91.10000000000014,243.29999999999995,1,1,0.0
914,2,950.2,308.0,109.5,285.9,1,1,1.0
914,1,1068.1,304.0,91.10000000000014,243.29999999999995,1,1,0.0
915,2,950.2,308.0,109.5,285.9,1,1,1.0
915,1,1068.1,304.0,91.10000000000014,243.29999999999995,1,1,0.0
916,2,950.2,308.0,109.5,285.9,1,1,1.0
916,1,1068.1,304.0,91.10000000000014,243.29999999999995,1,1,0.0
917,2,950.2,308.0,109.5,285.9,1,1,1.0
917,1,1068.1,304.0,91.10000000000014,243.29999999999995,1,1,0.0
918,2,950.2,308.0,109.5,285.9,1,1,1.0
918,1,1068.1,304.0,91.10000000000014,243.29999999999995,1,1,0.0
919,2,950.2,308.0,109.5,285.9,1,1,1.0
919,1,1068.1,304.0,91.10000000000014,243.29999999999995,1,1,0.0
920,2,950.2,308.0,109.5,285.9,1,1,1.0
920,1,1068.1,304.0,91.10000000000014,243.29999999999995,1,1,0.0
921,2,950.2,308.0,109.5,285.9,1,1,1.0
921,1,1068.1,304.0,91.10000000000014,243.29999999999995,1,1,0.0
922,2,950.2,308.0,109.5,285.9,1,1,1.0
922,1,1068.1,304.0,91.10000000000014,243.29999999999995,1,1,0.0
923,2,950.2,308.0,109.5,285.9,1,1,1.0
923,1,1068.1,304.0,91.10000000000014,243.29999999999995,1,1,0.0
924,2,950.2,308.0,109.5,285.9,1,1,1.0
924,1,1068.1,304.0,91.10000000000014,243.29999999999995,1,1,0.0
925,2,950.2,308.0,109.5,285.9,1,1,1.0
925,1,1068.1,304.0,91.10000000000014,243.29999999999995,1,1,0.0
926,2,950.2,308.0,109.5,285.9,1,1,1.0
926,1,1068.1,304.0,91.10000000000014,243.29999999999995,1,1,0.0
927,2,950.2,308.0,109.5,285.9,1,1,1.0
927,1,1068.1,304.0,91.10000000000014,243.29999999999995,1,1,0.0
928,2,950.2,308.0,109.5,285.9,1,1,1.0
928,1,1068.1,304.0,91.10000000000014,243.29999999999995,1,1,0.0
929,2,950.2,308.0,109.5,285.9,1,1,1.0
929,1,1068.1,304.0,91.10000000000014,243.29999999999995,1,1,0.0
930,2,950.2,308.0,109.5,285.9,1,1,1.0
930,1,1068.1,304.0,91.10000000000014,243.29999999999995,1,1,0.0
931,2,950.2,308.0,109.5,285.9,1,1,1.0
931,1,1068.1,304.0,91.10000000000014,243.29999999999995,1,1,0.0
932,2,950.2,308.0,109.5,285.9,1,1,1.0
932,1,1068.1,304.0,91.10000000000014,243.29999999999995,1,1,0.0
933,2,950.2,308.0,109.5,285.9,1,1,1.0
933,1,1068.1,304.0,91.10000000000014,243.29999999999995,1,1,0.0
934,2,950.2,308.0,109.5,285.9,1,1,1.0
934,1,1068.1,304.0,91.10000000000014,243.29999999999995,1,1,0.0
935,2,950.2,308.0,109.5,285.9,1,1,1.0
935,1,1068.1,304.0,91.10000000000014,243.29999999999995,1,1,0.0
936,2,950.2,308.0,109.5,285.9,1,1,1.0
936,1,1068.1,304.0,91.10000000000014,243.29999999999995,1,1,0.0
937,2,950.2,308.0,109.5,285.9,1,1,1.0
937,1,1068.1,304.0,91.10000000000014,243.29999999999995,1,1,0.0
938,2,950.2,308.0,109.5,285.9,1,1,1.0
938,1,1068.1,304.0,91.10000000000014,243.29999999999995,1,1,0.0
939,2,950.2,308.0,109.5,285.9,1,1,1.0
939,1,1068.1,304.0,91.10000000000014,243.29999999999995,1,1,0.0
940,2,950.2,308.0,109.5,285.9,1,1,1.0
940,1,1068.1,304.0,91.10000000000014,243.29999999999995,1,1,0.0
941,2,950.2,308.0,109.5,285.9,1,1,1.0
941,1,1068.1,304.0,91.10000000000014,243.29999999999995,1,1,0.0
942,2,950.2,308.0,109.5,285.9,1,1,1.0
942,1,1068.1,304.0,91.10000000000014,243.29999999999995,1,1,0.0
943,2,950.2,308.0,109.5,285.9,1,1,1.0
943,1,1068.1,304.0,91.10000000000014,243.29999999999995,1,1,0.0
944,2,950.2,308.0,109.5,285.9,1,1,1.0
944,1,1068.1,304.0,91.10000000000014,243.29999999999995,1,1,0.0
945,2,950.2,308.0,109.5,285.9,1,1,1.0
945,1,1068.1,304.0,91.10000000000014,243.29999999999995,1,1,0.0
946,2,950.2,308.0,109.5,285.9,1,1,1.0
946,1,1068.1,304.0,91.10000000000014,243.29999999999995,1,1,0.0
947,2,950.2,308.0,109.5,285.9,1,1,1.0
947,1,1068.1,304.0,91.10000000000014,243.29999999999995,1,1,0.0
948,2,950.2,308.0,109.5,285.9,1,1,1.0
948,1,1068.1,304.0,91.10000000000014,243.29999999999995,1,1,0.0
949,2,950.2,308.0,109.5,285.9,1,1,1.0
949,1,1068.1,304.0,91.10000000000014,243.29999999999995,1,1,0.0
950,2,950.2,308.0,109.5,285.9,1,1,1.0
950,1,1068.1,304.0,91.10000000000014,243.29999999999995,1,1,0.0
951,2,950.2,308.0,109.5,285.9,1,1,1.0
951,1,1068.1,304.0,91.10000000000014,243.29999999999995,1,1,0.0
952,2,950.2,308.0,109.5,285.9,1,1,1.0
952,1,1068.1,304.0,91.10000000000014,243.29999999999995,1,1,0.0
953,2,950.2,308.0,109.5,285.9,1,1,1.0
953,1,1068.1,304.0,91.10000000000014,243.29999999999995,1,1,0.0
954,2,950.2,308.0,109.5,285.9,1,1,1.0
954,1,1068.1,304.0,91.10000000000014,243.29999999999995,1,1,0.0
955,2,950.2,308.0,109.5,285.9,1,1,1.0
955,1,1068.1,304.0,91.10000000000014,243.29999999999995,1,1,0.0
956,2,950.2,308.0,109.5,285.9,1,1,1.0
956,1,1068.1,304.0,91.10000000000014,243.29999999999995,1,1,0.0
957,2,950.2,308.0,109.5,285.9,1,1,1.0
957,1,1068.1,304.0,91.10000000000014,243.29999999999995,1,1,0.0
958,2,950.2,308.0,109.5,285.9,1,1,1.0
958,1,1068.1,304.0,91.10000000000014,243.29999999999995,1,1,0.0
959,2,950.2,308.0,109.5,285.9,1,1,1.0
959,1,1068.1,304.0,91.10000000000014,243.29999999999995,1,1,0.0
960,2,950.2,308.0,109.5,285.9,1,1,1.0
960,1,1068.1,304.0,91.10000000000014,243.29999999999995,1,1,0.0
961,2,950.2,308.0,109.5,285.9,1,1,1.0
961,1,1068.1,304.0,91.10000000000014,243.29999999999995,1,1,0.0
962,2,950.2,308.0,109.5,285.9,1,1,1.0
962,1,1068.1,304.0,91.10000000000014,243.29999999999995,1,1,0.0
963,2,950.2,308.0,109.5,285.9,1,1,1.0
963,1,1068.1,304.0,91.10000000000014,243.29999999999995,1,1,0.0
964,2,950.2,308.0,109.5,285.9,1,1,1.0
964,1,1068.1,304.0,91.10000000000014,243.29999999999995,1,1,0.0
965,2,950.2,308.0,109.5,285.9,1,1,1.0
965,1,1068.1,304.0,91.10000000000014,243.29999999999995,1,1,0.0
966,2,950.2,308.0,109.5,285.9,1,1,1.0
966,1,1068.1,304.0,91.10000000000014,243.29999999999995,1,1,0.0
967,2,950.2,308.0,109.5,285.9,1,1,1.0
967,1,1068.1,304.0,91.10000000000014,243.29999999999995,1,1,0.0
968,2,950.2,308.0,109.5,285.9,1,1,1.0
968,1,1068.1,304.0,91.10000000000014,243.29999999999995,1,1,0.0
969,2,950.2,308.0,109.5,285.9,1,1,1.0
969,1,1068.1,304.0,91.10000000000014,243.29999999999995,1,1,0.0
970,2,950.2,308.0,109.5,285.9,1,1,1.0
970,1,1068.1,304.0,91.10000000000014,243.29999999999995,1,1,0.0
971,2,950.2,308.0,109.5,285.9,1,1,1.0
971,1,1068.1,304.0,91.10000000000014,243.29999999999995,1,1,0.0
972,2,950.2,308.0,109.5,285.9,1,1,1.0
972,1,1068.1,304.0,91.10000000000014,243.29999999999995,1,1,0.0
973,2,950.2,308.0,109.5,285.9,1,1,1.0
973,1,1068.1,304.0,91.10000000000014,243.29999999999995,1,1,0.0
974,2,950.2,308.0,109.5,285.9,1,1,1.0
974,1,1068.1,304.0,91.10000000000014,243.29999999999995,1,1,0.0
975,2,950.2,308.0,109.5,285.9,1,1,1.0
975,1,1068.1,304.0,91.10000000000014,243.29999999999995,1,1,0.0
976,2,950.2,308.0,109.5,285.9,1,1,1.0
976,1,1068.1,304.0,91.10000000000014,243.29999999999995,1,1,0.0
977,2,950.2,308.0,109.5,285.9,1,1,1.0
977,1,1068.1,304.0,91.10000000000014,243.29999999999995,1,1,0.0
978,2,950.2,308.0,109.5,285.9,1,1,1.0
978,1,1068.1,304.0,91.10000000000014,243.29999999999995,1,1,0.0
979,2,950.2,308.0,109.5,285.9,1,1,1.0
979,1,1068.1,304.0,91.10000000000014,243.29999999999995,1,1,0.0
980,2,950.2,308.0,109.5,285.9,1,1,1.0
980,1,1068.1,304.0,91.10000000000014,243.29999999999995,1,1,0.0
981,2,950.2,308.0,109.5,285.9,1,1,1.0
981,1,1068.1,304.0,91.10000000000014,243.29999999999995,1,1,0.0
982,2,950.2,308.0,109.5,285.9,1,1,1.0
982,1,1068.1,304.0,91.10000000000014,243.29999999999995,1,1,0.0
983,2,950.2,308.0,109.5,285.9,1,1,1.0
983,1,1068.1,304.0,91.10000000000014,243.29999999999995,1,1,0.0
984,2,950.2,308.0,109.5,285.9,1,1,1.0
984,1,1068.1,304.0,91.10000000000014,243.29999999999995,1,1,0.0
985,2,950.2,308.0,109.5,285.9,1,1,1.0
985,1,1068.1,304.0,91.10000000000014,243.29999999999995,1,1,0.0
986,2,950.2,308.0,109.5,285.9,1,1,1.0
986,1,1068.1,304.0,91.10000000000014,243.29999999999995,1,1,0.0
987,2,950.2,308.0,109.5,285.9,1,1,1.0
987,1,1068.1,304.0,91.10000000000014,243.29999999999995,1,1,0.0
988,2,950.2,308.0,109.5,285.9,1,1,1.0
988,1,1068.1,304.0,91.10000000000014,243.29999999999995,1,1,0.0
989,2,950.2,308.0,109.5,285.9,1,1,1.0
989,1,1068.1,304.0,91.10000000000014,243.29999999999995,1,1,0.0
990,2,950.2,308.0,109.5,285.9,1,1,1.0
990,1,1068.1,304.0,91.10000000000014,243.29999999999995,1,1,0.0
991,2,950.2,308.0,109.5,285.9,1,1,1.0
991,1,1068.1,304.0,91.10000000000014,243.29999999999995,1,1,0.0
992,2,950.2,308.0,109.5,285.9,1,1,1.0
992,1,1068.1,304.0,91.10000000000014,243.29999999999995,1,1,0.0
993,2,950.2,308.0,109.5,285.9,1,1,1.0
993,1,1068.1,304.0,91.10000000000014,243.29999999999995,1,1,0.0
994,2,950.2,308.0,109.5,285.9,1,1,1.0
994,1,1068.1,304.0,91.10000000000014,243.29999999999995,1,1,0.0
995,2,950.2,308.0,109.5,285.9,1,1,1.0
995,1,1068.1,304.0,91.10000000000014,243.29999999999995,1,1,0.0
996,2,950.2,308.0,109.5,285.9,1,1,1.0
996,1,1068.1,304.0,91.10000000000014,243.29999999999995,1,1,0.0
997,2,950.2,308.0,109.5,285.9,1,1,1.0
997,1,1068.1,304.0,91.10000000000014,243.29999999999995,1,1,0.0
998,2,950.2,308.0,109.5,285.9,1,1,1.0
998,1,1068.1,304.0,91.10000000000014,243.29999999999995,1,1,0.0
999,2,950.2,308.0,109.5,285.9,1,1,1.0
999,1,1068.1,304.0,91.10000000000014,243.29999999999995,1,1,0.0
1000,2,950.2,308.0,109.5,285.9,1,1,1.0
1000,1,1068.1,304.0,91.10000000000014,243.29999999999995,1,1,0.0
1001,2,950.2,308.0,109.5,285.9,1,1,1.0
1001,1,1068.1,304.0,91.10000000000014,243.29999999999995,1,1,0.0
1002,2,950.2,308.0,109.5,285.9,1,1,1.0
1002,1,1068.1,304.0,91.10000000000014,243.29999999999995,1,1,0.0
1003,2,950.2,308.0,109.5,285.9,1,1,1.0
1003,1,1068.1,304.0,91.10000000000014,243.29999999999995,1,1,0.0
1004,2,950.2,308.0,109.5,285.9,1,1,1.0
1004,1,1068.1,304.0,91.10000000000014,243.29999999999995,1,1,0.0
1005,2,950.2,308.0,109.5,285.9,1,1,1.0
1005,1,1068.1,304.0,91.10000000000014,243.29999999999995,1,1,0.0
1006,2,950.2,308.0,109.5,285.9,1,1,1.0
1006,1,1068.1,304.0,91.10000000000014,243.29999999999995,1,1,0.0
1007,2,950.2,308.0,109.5,285.9,1,1,1.0
1007,1,1068.1,304.0,91.10000000000014,243.29999999999995,1,1,0.0
1008,2,950.2,308.0,109.5,285.9,1,1,1.0
1008,1,1068.1,304.0,91.10000000000014,243.29999999999995,1,1,0.0
1009,2,950.2,308.0,109.5,285.9,1,1,1.0
1009,1,1068.1,304.0,91.10000000000014,243.29999999999995,1,1,0.0
1010,2,950.2,308.0,109.5,285.9,1,1,1.0
1010,1,1068.1,304.0,91.10000000000014,243.29999999999995,1,1,0.0
1011,2,950.2,308.0,109.5,285.9,1,1,1.0
1011,1,1068.1,304.0,91.10000000000014,243.29999999999995,1,1,0.0
1012,2,950.2,308.0,109.5,285.9,1,1,1.0
1012,1,1068.1,304.0,91.10000000000014,243.29999999999995,1,1,0.0
1013,2,950.2,308.0,109.5,285.9,1,1,1.0
1013,1,1068.1,304.0,91.10000000000014,243.29999999999995,1,1,0.0
1014,2,950.2,308.0,109.5,285.9,1,1,1.0
1014,1,1068.1,304.0,91.10000000000014,243.29999999999995,1,1,0.0
1015,2,950.2,308.0,109.5,285.9,1,1,1.0
1015,1,1068.1,304.0,91.10000000000014,243.29999999999995,1,1,0.0
1016,2,950.2,308.0,109.5,285.9,1,1,1.0
1016,1,1068.1,304.0,91.10000000000014,243.29999999999995,1,1,0.0
1017,2,950.2,308.0,109.5,285.9,1,1,1.0
1017,1,1068.1,304.0,91.10000000000014,243.29999999999995,1,1,0.0
1018,2,950.2,308.0,109.5,285.9,1,1,1.0
1018,1,1068.1,304.0,91.10000000000014,243.29999999999995,1,1,0.0
1019,2,950.2,308.0,109.5,285.9,1,1,1.0
1019,1,1068.1,304.0,91.10000000000014,243.29999999999995,1,1,0.0
1020,2,950.2,308.0,109.5,285.9,1,1,1.0
1020,1,1068.1,304.0,91.10000000000014,243.29999999999995,1,1,0.0
1021,2,950.2,308.0,109.5,285.9,1,1,1.0
1021,1,1068.1,304.0,91.10000000000014,243.29999999999995,1,1,0.0
1022,2,950.2,308.0,109.5,285.9,1,1,1.0
1022,1,1068.1,304.0,91.10000000000014,243.29999999999995,1,1,0.0
1023,2,950.2,308.0,109.5,285.9,1,1,1.0
1023,1,1068.1,304.0,91.10000000000014,243.29999999999995,1,1,0.0
1024,2,950.2,308.0,109.5,285.9,1,1,1.0
1024,1,1068.1,304.0,91.10000000000014,243.29999999999995,1,1,0.0
1025,2,950.2,308.0,109.5,285.9,1,1,1.0
1025,1,1068.1,304.0,91.10000000000014,243.29999999999995,1,1,0.0
1026,2,950.2,308.0,109.5,285.9,1,1,1.0
1026,1,1068.1,304.0,91.10000000000014,243.29999999999995,1,1,0.0
1027,2,950.2,308.0,109.5,285.9,1,1,1.0
1027,1,1068.1,304.0,91.10000000000014,243.29999999999995,1,1,0.0
1028,2,950.2,308.0,109.5,285.9,1,1,1.0
1028,1,1068.1,304.0,91.10000000000014,243.29999999999995,1,1,0.0
1029,2,950.2,308.0,109.5,285.9,1,1,1.0
1029,1,1068.1,304.0,91.10000000000014,243.29999999999995,1,1,0.0
1030,2,950.2,308.0,109.5,285.9,1,1,1.0
1030,1,1068.1,304.0,91.10000000000014,243.29999999999995,1,1,0.0
1031,2,950.2,308.0,109.5,285.9,1,1,1.0
1031,1,1068.1,304.0,91.10000000000014,243.29999999999995,1,1,0.0
1032,2,950.2,308.0,109.5,285.9,1,1,1.0
1032,1,1068.1,304.0,91.10000000000014,243.29999999999995,1,1,0.0
1033,2,950.2,308.0,109.5,285.9,1,1,1.0
1033,1,1068.1,304.0,91.10000000000014,243.29999999999995,1,1,0.0
1034,2,950.2,308.0,109.5,285.9,1,1,1.0
1034,1,1068.1,304.0,91.10000000000014,243.29999999999995,1,1,0.0
1035,2,950.2,308.0,109.5,285.9,1,1,1.0
1035,1,1068.1,304.0,91.10000000000014,243.29999999999995,1,1,0.0
1036,2,950.2,308.0,109.5,285.9,1,1,1.0
1036,1,1068.1,304.0,91.10000000000014,243.29999999999995,1,1,0.0
1037,2,950.2,308.0,109.5,285.9,1,1,1.0
1037,1,1068.1,304.0,91.10000000000014,243.29999999999995,1,1,0.0
1038,2,950.2,308.0,109.5,285.9,1,1,1.0
1038,1,1068.1,304.0,91.10000000000014,243.29999999999995,1,1,0.0
1039,2,950.2,308.0,109.5,285.9,1,1,1.0
1039,1,1068.1,304.0,91.10000000000014,243.29999999999995,1,1,0.0
1040,2,950.2,308.0,109.5,285.9,1,1,1.0
1040,1,1068.1,304.0,91.10000000000014,243.29999999999995,1,1,0.0
1041,2,950.2,308.0,109.5,285.9,1,1,1.0
1041,1,1068.1,304.0,91.10000000000014,243.29999999999995,1,1,0.0
1042,2,950.2,308.0,109.5,285.9,1,1,1.0
1042,1,1068.1,304.0,91.10000000000014,243.29999999999995,1,1,0.0
1043,2,950.2,308.0,109.5,285.9,1,1,1.0
1043,1,1068.1,304.0,91.10000000000014,243.29999999999995,1,1,0.0
1044,2,950.2,308.0,109.5,285.9,1,1,1.0
1044,1,1068.1,304.0,91.10000000000014,243.29999999999995,1,1,0.0
1045,2,950.2,308.0,109.5,285.9,1,1,1.0
1045,1,1068.1,304.0,91.10000000000014,243.29999999999995,1,1,0.0
1046,2,950.2,308.0,109.5,285.9,1,1,1.0
1046,1,1068.1,304.0,91.10000000000014,243.29999999999995,1,1,0.0
1047,2,950.2,308.0,109.5,285.9,1,1,1.0
1047,1,1068.1,304.0,91.10000000000014,243.29999999999995,1,1,0.0
1048,2,950.2,308.0,109.5,285.9,1,1,1.0
1048,1,1068.1,304.0,91.10000000000014,243.29999999999995,1,1,0.0
1049,2,950.2,308.0,109.5,285.9,1,1,1.0
1049,1,1068.1,304.0,91.10000000000014,243.29999999999995,1,1,0.0
1050,2,950.2,308.0,109.5,285.9,1,1,1.0
1050,1,1068.1,304.0,91.10000000000014,243.29999999999995,1,1,0.0
1051,2,950.2,308.0,109.5,285.9,1,1,1.0
1051,1,1068.1,304.0,91.10000000000014,243.29999999999995,1,1,0.0
1052,2,950.2,308.0,109.5,285.9,1,1,1.0
1052,1,1068.1,304.0,91.10000000000014,243.29999999999995,1,1,0.0
1053,2,950.2,308.0,109.5,285.9,1,1,1.0
1053,1,1068.1,304.0,91.10000000000014,243.29999999999995,1,1,0.0
1054,2,950.2,308.0,109.5,285.9,1,1,1.0
1054,1,1068.1,304.0,91.10000000000014,243.29999999999995,1,1,0.0
1055,2,950.2,308.0,109.5,285.9,1,1,1.0
1055,1,1068.1,304.0,91.10000000000014,243.29999999999995,1,1,0.0
1056,2,950.2,308.0,109.5,285.9,1,1,1.0
1056,1,1068.1,304.0,91.10000000000014,243.29999999999995,1,1,0.0
1057,2,950.2,308.0,109.5,285.9,1,1,1.0
1057,1,1068.1,304.0,91.10000000000014,243.29999999999995,1,1,0.0
1058,2,950.2,308.0,109.5,285.9,1,1,1.0
1058,1,1068.1,304.0,91.10000000000014,243.29999999999995,1,1,0.0
1059,2,950.2,308.0,109.5,285.9,1,1,1.0
1059,1,1068.1,304.0,91.10000000000014,243.29999999999995,1,1,0.0
1060,2,950.2,308.0,109.5,285.9,1,1,1.0
1060,1,1068.1,304.0,91.10000000000014,243.29999999999995,1,1,0.0
1061,2,950.2,308.0,109.5,285.9,1,1,1.0
1061,1,1068.1,304.0,91.10000000000014,243.29999999999995,1,1,0.0
1062,2,950.2,308.0,109.5,285.9,1,1,1.0
1062,1,1068.1,304.0,91.10000000000014,243.29999999999995,1,1,0.0
1063,2,950.2,308.0,109.5,285.9,1,1,1.0
1063,1,1068.1,304.0,91.10000000000014,243.29999999999995,1,1,0.0
1064,2,950.2,308.0,109.5,285.9,1,1,1.0
1064,1,1068.1,304.0,91.10000000000014,243.29999999999995,1,1,0.0
1065,2,950.2,308.0,109.5,285.9,1,1,1.0
1065,1,1068.1,304.0,91.10000000000014,243.29999999999995,1,1,0.0
1066,2,950.2,308.0,109.5,285.9,1,1,1.0
1066,1,1068.1,304.0,91.10000000000014,243.29999999999995,1,1,0.0
1067,2,950.2,308.0,109.5,285.9,1,1,1.0
1067,1,1068.1,304.0,91.10000000000014,243.29999999999995,1,1,0.0
1068,2,950.2,308.0,109.5,285.9,1,1,1.0
1068,1,1068.1,304.0,91.10000000000014,243.29999999999995,1,1,0.0
1069,2,950.2,308.0,109.5,285.9,1,1,1.0
1069,1,1068.1,304.0,91.10000000000014,243.29999999999995,1,1,0.0
1070,2,950.2,308.0,109.5,285.9,1,1,1.0
1070,1,1068.1,304.0,91.10000000000014,243.29999999999995,1,1,0.0
1071,2,950.2,308.0,109.5,285.9,1,1,1.0
1071,1,1068.1,304.0,91.10000000000014,243.29999999999995,1,1,0.0
1072,2,950.2,308.0,109.5,285.9,1,1,1.0
1072,1,1068.1,304.0,91.10000000000014,243.29999999999995,1,1,0.0
1073,2,950.2,308.0,109.5,285.9,1,1,1.0
1073,1,1068.1,304.0,91.10000000000014,243.29999999999995,1,1,0.0
1074,2,950.2,308.0,109.5,285.9,1,1,1.0
1074,1,1068.1,304.0,91.10000000000014,243.29999999999995,1,1,0.0
1075,2,950.2,308.0,109.5,285.9,1,1,1.0
1075,1,1068.1,304.0,91.10000000000014,243.29999999999995,1,1,0.0
1076,2,950.2,308.0,109.5,285.9,1,1,1.0
1076,1,1068.1,304.0,91.10000000000014,243.29999999999995,1,1,0.0
1077,2,950.2,308.0,109.5,285.9,1,1,1.0
1077,1,1068.1,304.0,91.10000000000014,243.29999999999995,1,1,0.0
1078,2,950.2,308.0,109.5,285.9,1,1,1.0
1078,1,1068.1,304.0,91.10000000000014,243.29999999999995,1,1,0.0
1079,2,950.2,308.0,109.5,285.9,1,1,1.0
1079,1,1068.1,304.0,91.10000000000014,243.29999999999995,1,1,0.0
1080,2,950.2,308.0,109.5,285.9,1,1,1.0
1080,1,1068.1,304.0,91.10000000000014,243.29999999999995,1,1,0.0
1081,2,950.2,308.0,109.5,285.9,1,1,1.0
1081,1,1068.1,304.0,91.10000000000014,243.29999999999995,1,1,0.0
1082,2,950.2,308.0,109.5,285.9,1,1,1.0
1082,1,1068.1,304.0,91.10000000000014,243.29999999999995,1,1,0.0
1083,2,950.2,308.0,109.5,285.9,1,1,1.0
1083,1,1068.1,304.0,91.10000000000014,243.29999999999995,1,1,0.0
1084,2,950.2,308.0,109.5,285.9,1,1,1.0
1084,1,1068.1,304.0,91.10000000000014,243.29999999999995,1,1,0.0
1085,2,950.2,308.0,109.5,285.9,1,1,1.0
1085,1,1068.1,304.0,91.10000000000014,243.29999999999995,1,1,0.0
1086,2,950.2,308.0,109.5,285.9,1,1,1.0
1086,1,1068.1,304.0,91.10000000000014,243.29999999999995,1,1,0.0
1087,2,950.2,308.0,109.5,285.9,1,1,1.0
1087,1,1068.1,304.0,91.10000000000014,243.29999999999995,1,1,0.0
1088,2,950.2,308.0,109.5,285.9,1,1,1.0
1088,1,1068.1,304.0,91.10000000000014,243.29999999999995,1,1,0.0
1089,2,950.2,308.0,109.5,285.9,1,1,1.0
1089,1,1068.1,304.0,91.10000000000014,243.29999999999995,1,1,0.0
1090,2,950.2,308.0,109.5,285.9,1,1,1.0
1090,1,1068.1,304.0,91.10000000000014,243.29999999999995,1,1,0.0
1091,2,950.2,308.0,109.5,285.9,1,1,1.0
1091,1,1068.1,304.0,91.10000000000014,243.29999999999995,1,1,0.0
1092,2,950.2,308.0,109.5,285.9,1,1,1.0
1092,1,1068.1,304.0,91.10000000000014,243.29999999999995,1,1,0.0
1093,2,950.2,308.0,109.5,285.9,1,1,1.0
1093,1,1068.1,304.0,91.10000000000014,243.29999999999995,1,1,0.0
1094,2,950.2,308.0,109.5,285.9,1,1,1.0
1094,1,1068.1,304.0,91.10000000000014,243.29999999999995,1,1,0.0
1095,2,950.2,308.0,109.5,285.9,1,1,1.0
1095,1,1068.1,304.0,91.10000000000014,243.29999999999995,1,1,0.0
1096,2,950.2,308.0,109.5,285.9,1,1,1.0
1096,1,1068.1,304.0,91.10000000000014,243.29999999999995,1,1,0.0
1097,2,950.2,308.0,109.5,285.9,1,1,1.0
1097,1,1068.1,304.0,91.10000000000014,243.29999999999995,1,1,0.0
1098,2,950.2,308.0,109.5,285.9,1,1,1.0
1098,1,1068.1,304.0,91.10000000000014,243.29999999999995,1,1,0.0
1099,2,950.2,308.0,109.5,285.9,1,1,1.0
1099,1,1068.1,304.0,91.10000000000014,243.29999999999995,1,1,0.0
1100,2,950.2,308.0,109.5,285.9,1,1,1.0
1100,1,1068.1,304.0,91.10000000000014,243.29999999999995,1,1,0.0
1101,2,950.2,308.0,109.5,285.9,1,1,1.0
1101,1,1068.1,304.0,91.10000000000014,243.29999999999995,1,1,0.0
1102,2,950.2,308.0,109.5,285.9,1,1,1.0
1102,1,1068.1,304.0,91.10000000000014,243.29999999999995,1,1,0.0
1103,2,950.2,308.0,109.5,285.9,1,1,1.0
1103,1,1068.1,304.0,91.10000000000014,243.29999999999995,1,1,0.0
1104,2,950.2,308.0,109.5,285.9,1,1,1.0
1104,1,1068.1,304.0,91.10000000000014,243.29999999999995,1,1,0.0
1105,2,950.2,308.0,109.5,285.9,1,1,1.0
1105,1,1068.1,304.0,91.10000000000014,243.29999999999995,1,1,0.0
1106,2,950.2,308.0,109.5,285.9,1,1,1.0
1106,1,1068.1,304.0,91.10000000000014,243.29999999999995,1,1,0.0
1107,2,950.2,308.0,109.5,285.9,1,1,1.0
1107,1,1068.1,304.0,91.10000000000014,243.29999999999995,1,1,0.0
1108,2,950.2,308.0,109.5,285.9,1,1,1.0
1108,1,1068.1,304.0,91.10000000000014,243.29999999999995,1,1,0.0
1109,2,950.2,308.0,109.5,285.9,1,1,1.0
1109,1,1068.1,304.0,91.10000000000014,243.29999999999995,1,1,0.0
1110,2,950.2,308.0,109.5,285.9,1,1,1.0
1110,1,1068.1,304.0,91.10000000000014,243.29999999999995,1,1,0.0
1111,2,950.2,308.0,109.5,285.9,1,1,1.0
1111,1,1068.1,304.0,91.10000000000014,243.29999999999995,1,1,0.0
1112,2,950.2,308.0,109.5,285.9,1,1,1.0
1112,1,1068.1,304.0,91.10000000000014,243.29999999999995,1,1,0.0
1113,2,950.2,308.0,109.5,285.9,1,1,1.0
1113,1,1068.1,304.0,91.10000000000014,243.29999999999995,1,1,0.0
1114,2,950.2,308.0,109.5,285.9,1,1,1.0
1114,1,1068.1,304.0,91.10000000000014,243.29999999999995,1,1,0.0
1115,2,950.2,308.0,109.5,285.9,1,1,1.0
1115,1,1068.1,304.0,91.10000000000014,243.29999999999995,1,1,0.0
1116,2,950.2,308.0,109.5,285.9,1,1,1.0
1116,1,1068.1,304.0,91.10000000000014,243.29999999999995,1,1,0.0
1117,2,950.2,308.0,109.5,285.9,1,1,1.0
1117,1,1068.1,304.0,91.10000000000014,243.29999999999995,1,1,0.0
1118,2,950.2,308.0,109.5,285.9,1,1,1.0
1118,1,1068.1,304.0,91.10000000000014,243.29999999999995,1,1,0.0
1119,2,950.2,308.0,109.5,285.9,1,1,1.0
1119,1,1068.1,304.0,91.10000000000014,243.29999999999995,1,1,0.0
1120,2,950.2,308.0,109.5,285.9,1,1,1.0
1120,1,1068.1,304.0,91.10000000000014,243.29999999999995,1,1,0.0
1121,2,950.2,308.0,109.5,285.9,1,1,1.0
1121,1,1068.1,304.0,91.10000000000014,243.29999999999995,1,1,0.0
1122,2,950.2,308.0,109.5,285.9,1,1,1.0
1122,1,1068.1,304.0,91.10000000000014,243.29999999999995,1,1,0.0
1123,2,950.2,308.0,109.5,285.9,1,1,1.0
1123,1,1068.1,304.0,91.10000000000014,243.29999999999995,1,1,0.0
1124,2,950.2,308.0,109.5,285.9,1,1,1.0
1124,1,1068.1,304.0,91.10000000000014,243.29999999999995,1,1,0.0
1125,2,950.2,308.0,109.5,285.9,1,1,1.0
1125,1,1068.1,304.0,91.10000000000014,243.29999999999995,1,1,0.0
1126,2,950.2,308.0,109.5,285.9,1,1,1.0
1126,1,1068.1,304.0,91.10000000000014,243.29999999999995,1,1,0.0
1127,2,950.2,308.0,109.5,285.9,1,1,1.0
1127,1,1068.1,304.0,91.10000000000014,243.29999999999995,1,1,0.0
1128,2,950.2,308.0,109.5,285.9,1,1,1.0
1128,1,1068.1,304.0,91.10000000000014,243.29999999999995,1,1,0.0
1129,2,950.2,308.0,109.5,285.9,1,1,1.0
1129,1,1068.1,304.0,91.10000000000014,243.29999999999995,1,1,0.0
1130,2,950.2,308.0,109.5,285.9,1,1,1.0
1130,1,1068.1,304.0,91.10000000000014,243.29999999999995,1,1,0.0
1131,2,950.2,308.0,109.5,285.9,1,1,1.0
1131,1,1068.1,304.0,91.10000000000014,243.29999999999995,1,1,0.0
1132,2,950.2,308.0,109.5,285.9,1,1,1.0
1132,1,1068.1,304.0,91.10000000000014,243.29999999999995,1,1,0.0
1133,2,950.2,308.0,109.5,285.9,1,1,1.0
1133,1,1068.1,304.0,91.10000000000014,243.29999999999995,1,1,0.0
1134,2,950.2,308.0,109.5,285.9,1,1,1.0
1134,1,1068.1,304.0,91.10000000000014,243.29999999999995,1,1,0.0
1135,2,950.2,308.0,109.5,285.9,1,1,1.0
1135,1,1068.1,304.0,91.10000000000014,243.29999999999995,1,1,0.0
1136,2,950.2,308.0,109.5,285.9,1,1,1.0
1136,1,1068.1,304.0,91.10000000000014,243.29999999999995,1,1,0.0
1137,2,950.2,308.0,109.5,285.9,1,1,1.0
1137,1,1068.1,304.0,91.10000000000014,243.29999999999995,1,1,0.0
1138,2,950.2,308.0,109.5,285.9,1,1,1.0
1138,1,1068.1,304.0,91.10000000000014,243.29999999999995,1,1,0.0
1139,2,950.2,308.0,109.5,285.9,1,1,1.0
1139,1,1068.1,304.0,91.10000000000014,243.29999999999995,1,1,0.0
1140,2,950.2,308.0,109.5,285.9,1,1,1.0
1140,1,1068.1,304.0,91.10000000000014,243.29999999999995,1,1,0.0
1141,2,950.2,308.0,109.5,285.9,1,1,1.0
1141,1,1068.1,304.0,91.10000000000014,243.29999999999995,1,1,0.0
1142,2,950.2,308.0,109.5,285.9,1,1,1.0
1142,1,1068.1,304.0,91.10000000000014,243.29999999999995,1,1,0.0
1143,2,950.2,308.0,109.5,285.9,1,1,1.0
1143,1,1068.1,304.0,91.10000000000014,243.29999999999995,1,1,0.0
1144,2,950.2,308.0,109.5,285.9,1,1,1.0
1144,1,1068.1,304.0,91.10000000000014,243.29999999999995,1,1,0.0
1145,2,950.2,308.0,109.5,285.9,1,1,1.0
1145,1,1068.1,304.0,91.10000000000014,243.29999999999995,1,1,0.0
1146,2,950.2,308.0,109.5,285.9,1,1,1.0
1146,1,1068.1,304.0,91.10000000000014,243.29999999999995,1,1,0.0
1147,2,950.2,308.0,109.5,285.9,1,1,1.0
1147,1,1068.1,304.0,91.10000000000014,243.29999999999995,1,1,0.0
1148,2,950.2,308.0,109.5,285.9,1,1,1.0
1148,1,1068.1,304.0,91.10000000000014,243.29999999999995,1,1,0.0
1149,2,950.2,308.0,109.5,285.9,1,1,1.0
1149,1,1068.1,304.0,91.10000000000014,243.29999999999995,1,1,0.0
1150,2,950.2,308.0,109.5,285.9,1,1,1.0
1150,1,1068.1,304.0,91.10000000000014,243.29999999999995,1,1,0.0
1151,2,950.2,308.0,109.5,285.9,1,1,1.0
1151,1,1068.1,304.0,91.10000000000014,243.29999999999995,1,1,0.0
1152,2,950.2,308.0,109.5,285.9,1,1,1.0
1152,1,1068.1,304.0,91.10000000000014,243.29999999999995,1,1,0.0
1153,2,950.2,308.0,109.5,285.9,1,1,1.0
1153,1,1068.1,304.0,91.10000000000014,243.29999999999995,1,1,0.0
1154,2,950.2,308.0,109.5,285.9,1,1,1.0
1154,1,1068.1,304.0,91.10000000000014,243.29999999999995,1,1,0.0
1155,2,950.2,308.0,109.5,285.9,1,1,1.0
1155,1,1068.1,304.0,91.10000000000014,243.29999999999995,1,1,0.0
1156,2,950.2,308.0,109.5,285.9,1,1,1.0
1156,1,1068.1,304.0,91.10000000000014,243.29999999999995,1,1,0.0
1157,2,950.2,308.0,109.5,285.9,1,1,1.0
1157,1,1068.1,304.0,91.10000000000014,243.29999999999995,1,1,0.0
1158,2,950.2,308.0,109.5,285.9,1,1,1.0
1158,1,1068.1,304.0,91.10000000000014,243.29999999999995,1,1,0.0
1159,2,950.2,308.0,109.5,285.9,1,1,1.0
1159,1,1068.1,304.0,91.10000000000014,243.29999999999995,1,1,0.0
1160,2,950.2,308.0,109.5,285.9,1,1,1.0
1160,1,1068.1,304.0,91.10000000000014,243.29999999999995,1,1,0.0
1161,2,950.2,308.0,109.5,285.9,1,1,1.0
1161,1,1068.1,304.0,91.10000000000014,243.29999999999995,1,1,0.0
1162,2,950.2,308.0,109.5,285.9,1,1,1.0
1162,1,1068.1,304.0,91.10000000000014,243.29999999999995,1,1,0.0
1163,2,950.2,308.0,109.5,285.9,1,1,1.0
1163,1,1068.1,304.0,91.10000000000014,243.29999999999995,1,1,0.0
1164,2,950.2,308.0,109.5,285.9,1,1,1.0
1164,1,1068.1,304.0,91.10000000000014,243.29999999999995,1,1,0.0
1165,2,950.2,308.0,109.5,285.9,1,1,1.0
1165,1,1068.1,304.0,91.10000000000014,243.29999999999995,1,1,0.0
1166,2,950.2,308.0,109.5,285.9,1,1,1.0
1166,1,1068.1,304.0,91.10000000000014,243.29999999999995,1,1,0.0
1167,2,950.2,308.0,109.5,285.9,1,1,1.0
1167,1,1068.1,304.0,91.10000000000014,243.29999999999995,1,1,0.0
1168,2,950.2,308.0,109.5,285.9,1,1,1.0
1168,1,1068.1,304.0,91.10000000000014,243.29999999999995,1,1,0.0
1169,2,950.2,308.0,109.5,285.9,1,1,1.0
1169,1,1068.1,304.0,91.10000000000014,243.29999999999995,1,1,0.0
1170,2,950.2,308.0,109.5,285.9,1,1,1.0
1170,1,1068.1,304.0,91.10000000000014,243.29999999999995,1,1,0.0
1171,2,950.2,308.0,109.5,285.9,1,1,1.0
1171,1,1068.1,304.0,91.10000000000014,243.29999999999995,1,1,0.0
1172,2,950.2,308.0,109.5,285.9,1,1,1.0
1172,1,1068.1,304.0,91.10000000000014,243.29999999999995,1,1,0.0
1173,2,950.2,308.0,109.5,285.9,1,1,1.0
1173,1,1068.1,304.0,91.10000000000014,243.29999999999995,1,1,0.0
1174,2,950.2,308.0,109.5,285.9,1,1,1.0
1174,1,1068.1,304.0,91.10000000000014,243.29999999999995,1,1,0.0
1175,2,950.2,308.0,109.5,285.9,1,1,1.0
1175,1,1068.1,304.0,91.10000000000014,243.29999999999995,1,1,0.0
1176,2,950.2,308.0,109.5,285.9,1,1,1.0
1176,1,1068.1,304.0,91.10000000000014,243.29999999999995,1,1,0.0
1177,2,950.2,308.0,109.5,285.9,1,1,1.0
1177,1,1068.1,304.0,91.10000000000014,243.29999999999995,1,1,0.0
1178,2,950.2,308.0,109.5,285.9,1,1,1.0
1178,1,1068.1,304.0,91.10000000000014,243.29999999999995,1,1,0.0
1179,2,950.2,308.0,109.5,285.9,1,1,1.0
1179,1,1068.1,304.0,91.10000000000014,243.29999999999995,1,1,0.0
1180,2,950.2,308.0,109.5,285.9,1,1,1.0
1180,1,1068.1,304.0,91.10000000000014,243.29999999999995,1,1,0.0
1181,2,950.2,308.0,109.5,285.9,1,1,1.0
1181,1,1068.1,304.0,91.10000000000014,243.29999999999995,1,1,0.0
1182,2,950.2,308.0,109.5,285.9,1,1,1.0
1182,1,1068.1,304.0,91.10000000000014,243.29999999999995,1,1,0.0
1183,2,950.2,308.0,109.5,285.9,1,1,1.0
1183,1,1068.1,304.0,91.10000000000014,243.29999999999995,1,1,0.0
1184,2,950.2,308.0,109.5,285.9,1,1,1.0
1184,1,1068.1,304.0,91.10000000000014,243.29999999999995,1,1,0.0
1185,2,950.2,308.0,109.5,285.9,1,1,1.0
1185,1,1068.1,304.0,91.10000000000014,243.29999999999995,1,1,0.0
1186,2,950.2,308.0,109.5,285.9,1,1,1.0
1186,1,1068.1,304.0,91.10000000000014,243.29999999999995,1,1,0.0
1187,2,950.2,308.0,109.5,285.9,1,1,1.0
1187,1,1068.1,304.0,91.10000000000014,243.29999999999995,1,1,0.0
1188,2,950.2,308.0,109.5,285.9,1,1,1.0
1188,1,1068.1,304.0,91.10000000000014,243.29999999999995,1,1,0.0
1189,2,950.2,308.0,109.5,285.9,1,1,1.0
1189,1,1068.1,304.0,91.10000000000014,243.29999999999995,1,1,0.0
1190,2,950.2,308.0,109.5,285.9,1,1,1.0
1190,1,1068.1,304.0,91.10000000000014,243.29999999999995,1,1,0.0
1191,2,950.2,308.0,109.5,285.9,1,1,1.0
1191,1,1068.1,304.0,91.10000000000014,243.29999999999995,1,1,0.0
1192,2,950.2,308.0,109.5,285.9,1,1,1.0
1192,1,1068.1,304.0,91.10000000000014,243.29999999999995,1,1,0.0
1193,2,950.2,308.0,109.5,285.9,1,1,1.0
1193,1,1068.1,304.0,91.10000000000014,243.29999999999995,1,1,0.0
1194,2,950.2,308.0,109.5,285.9,1,1,1.0
1194,1,1068.1,304.0,91.10000000000014,243.29999999999995,1,1,0.0
1195,2,950.2,308.0,109.5,285.9,1,1,1.0
1195,1,1068.1,304.0,91.10000000000014,243.29999999999995,1,1,0.0
1196,2,950.2,308.0,109.5,285.9,1,1,1.0
1196,1,1068.1,304.0,91.10000000000014,243.29999999999995,1,1,0.0
1197,2,950.2,308.0,109.5,285.9,1,1,1.0
1197,1,1068.1,304.0,91.10000000000014,243.29999999999995,1,1,0.0
1198,2,950.2,308.0,109.5,285.9,1,1,1.0
1198,1,1068.1,304.0,91.10000000000014,243.29999999999995,1,1,0.0
1199,2,950.2,308.0,109.5,285.9,1,1,1.0
1199,1,1068.1,304.0,91.10000000000014,243.29999999999995,1,1,0.0
1200,2,950.2,308.0,109.5,285.9,1,1,1.0
1200,1,1068.1,304.0,91.10000000000014,243.29999999999995,1,1,0.0
1201,2,950.2,308.0,109.5,285.9,1,1,1.0
1201,1,1068.1,304.0,91.10000000000014,243.29999999999995,1,1,0.0
1202,2,950.2,308.0,109.5,285.9,1,1,1.0
1202,1,1068.1,304.0,91.10000000000014,243.29999999999995,1,1,0.0
1203,2,950.2,308.0,109.5,285.9,1,1,1.0
1203,1,1068.1,304.0,91.10000000000014,243.29999999999995,1,1,0.0
1204,2,950.2,308.0,109.5,285.9,1,1,1.0
1204,1,1068.1,304.0,91.10000000000014,243.29999999999995,1,1,0.0
1205,2,950.2,308.0,109.5,285.9,1,1,1.0
1205,1,1068.1,304.0,91.10000000000014,243.29999999999995,1,1,0.0
1206,2,950.2,308.0,109.5,285.9,1,1,1.0
1206,1,1068.1,304.0,91.10000000000014,243.29999999999995,1,1,0.0
1207,2,950.2,308.0,109.5,285.9,1,1,1.0
1207,1,1068.1,304.0,91.10000000000014,243.29999999999995,1,1,0.0
1208,2,950.2,308.0,109.5,285.9,1,1,1.0
1208,1,1068.1,304.0,91.10000000000014,243.29999999999995,1,1,0.0
1209,2,950.2,308.0,109.5,285.9,1,1,1.0
1209,1,1068.1,304.0,91.10000000000014,243.29999999999995,1,1,0.0
1210,2,950.2,308.0,109.5,285.9,1,1,1.0
1210,1,1068.1,304.0,91.10000000000014,243.29999999999995,1,1,0.0
1211,2,950.2,308.0,109.5,285.9,1,1,1.0
1211,1,1068.1,304.0,91.10000000000014,243.29999999999995,1,1,0.0
1212,2,950.2,308.0,109.5,285.9,1,1,1.0
1212,1,1068.1,304.0,91.10000000000014,243.29999999999995,1,1,0.0
1213,2,950.2,308.0,109.5,285.9,1,1,1.0
1213,1,1068.1,304.0,91.10000000000014,243.29999999999995,1,1,0.0
1214,2,950.2,308.0,109.5,285.9,1,1,1.0
1214,1,1068.1,304.0,91.10000000000014,243.29999999999995,1,1,0.0
1215,2,950.2,308.0,109.5,285.9,1,1,1.0
1215,1,1068.1,304.0,91.10000000000014,243.29999999999995,1,1,0.0
1216,2,950.2,308.0,109.5,285.9,1,1,1.0
1216,1,1068.1,304.0,91.10000000000014,243.29999999999995,1,1,0.0
1217,2,950.2,308.0,109.5,285.9,1,1,1.0
1217,1,1068.1,304.0,91.10000000000014,243.29999999999995,1,1,0.0
1218,2,950.2,308.0,109.5,285.9,1,1,1.0
1218,1,1068.1,304.0,91.10000000000014,243.29999999999995,1,1,0.0
1219,2,950.2,308.0,109.5,285.9,1,1,1.0
1219,1,1068.1,304.0,91.10000000000014,243.29999999999995,1,1,0.0
1220,2,950.2,308.0,109.5,285.9,1,1,1.0
1220,1,1068.1,304.0,91.10000000000014,243.29999999999995,1,1,0.0
1221,2,950.2,308.0,109.5,285.9,1,1,1.0
1221,1,1068.1,304.0,91.10000000000014,243.29999999999995,1,1,0.0
1222,2,950.2,308.0,109.5,285.9,1,1,1.0
1222,1,1068.1,304.0,91.10000000000014,243.29999999999995,1,1,0.0
1223,2,950.2,308.0,109.5,285.9,1,1,1.0
1223,1,1068.1,304.0,91.10000000000014,243.29999999999995,1,1,0.0
1224,2,950.2,308.0,109.5,285.9,1,1,1.0
1224,1,1068.1,304.0,91.10000000000014,243.29999999999995,1,1,0.0
1225,2,950.2,308.0,109.5,285.9,1,1,1.0
1225,1,1068.1,304.0,91.10000000000014,243.29999999999995,1,1,0.0
1226,2,950.2,308.0,109.5,285.9,1,1,1.0
1226,1,1068.1,304.0,91.10000000000014,243.29999999999995,1,1,0.0
1227,2,950.2,308.0,109.5,285.9,1,1,1.0
1227,1,1068.1,304.0,91.10000000000014,243.29999999999995,1,1,0.0
1228,2,950.2,308.0,109.5,285.9,1,1,1.0
1228,1,1068.1,304.0,91.10000000000014,243.29999999999995,1,1,0.0
1229,2,950.2,308.0,109.5,285.9,1,1,1.0
1229,1,1068.1,304.0,91.10000000000014,243.29999999999995,1,1,0.0
1230,2,950.2,308.0,109.5,285.9,1,1,1.0
1230,1,1068.1,304.0,91.10000000000014,243.29999999999995,1,1,0.0
1231,2,950.2,308.0,109.5,285.9,1,1,1.0
1231,1,1068.1,304.0,91.10000000000014,243.29999999999995,1,1,0.0
1232,2,950.2,308.0,109.5,285.9,1,1,1.0
1232,1,1068.1,304.0,91.10000000000014,243.29999999999995,1,1,0.0
1233,2,950.2,308.0,109.5,285.9,1,1,1.0
1233,1,1068.1,304.0,91.10000000000014,243.29999999999995,1,1,0.0
1234,2,950.2,308.0,109.5,285.9,1,1,1.0
1234,1,1068.1,304.0,91.10000000000014,243.29999999999995,1,1,0.0
1235,2,950.2,308.0,109.5,285.9,1,1,1.0
1235,1,1068.1,304.0,91.10000000000014,243.29999999999995,1,1,0.0
1236,2,950.2,308.0,109.5,285.9,1,1,1.0
1236,1,1068.1,304.0,91.10000000000014,243.29999999999995,1,1,0.0
1237,2,950.2,308.0,109.5,285.9,1,1,1.0
1237,1,1068.1,304.0,91.10000000000014,243.29999999999995,1,1,0.0
1238,2,950.2,308.0,109.5,285.9,1,1,1.0
1238,1,1068.1,304.0,91.10000000000014,243.29999999999995,1,1,0.0
1239,2,950.2,308.0,109.5,285.9,1,1,1.0
1239,1,1068.1,304.0,91.10000000000014,243.29999999999995,1,1,0.0
1240,2,950.2,308.0,109.5,285.9,1,1,1.0
1240,1,1068.1,304.0,91.10000000000014,243.29999999999995,1,1,0.0
1241,2,950.2,308.0,109.5,285.9,1,1,1.0
1241,1,1068.1,304.0,91.10000000000014,243.29999999999995,1,1,0.0
1242,2,950.2,308.0,109.5,285.9,1,1,1.0
1242,1,1068.1,304.0,91.10000000000014,243.29999999999995,1,1,0.0
1243,2,950.2,308.0,109.5,285.9,1,1,1.0
1243,1,1068.1,304.0,91.10000000000014,243.29999999999995,1,1,0.0
1244,2,950.2,308.0,109.5,285.9,1,1,1.0
1244,1,1068.1,304.0,91.10000000000014,243.29999999999995,1,1,0.0
1245,2,950.2,308.0,109.5,285.9,1,1,1.0
1245,1,1068.1,304.0,91.10000000000014,243.29999999999995,1,1,0.0
1246,2,950.2,308.0,109.5,285.9,1,1,1.0
1246,1,1068.1,304.0,91.10000000000014,243.29999999999995,1,1,0.0
1247,2,950.2,308.0,109.5,285.9,1,1,1.0
1247,1,1068.1,304.0,91.10000000000014,243.29999999999995,1,1,0.0
1248,2,950.2,308.0,109.5,285.9,1,1,1.0
1248,1,1068.1,304.0,91.10000000000014,243.29999999999995,1,1,0.0
1249,2,950.2,308.0,109.5,285.9,1,1,1.0
1249,1,1068.1,304.0,91.10000000000014,243.29999999999995,1,1,0.0
1250,2,950.2,308.0,109.5,285.9,1,1,1.0
1250,1,1068.1,304.0,91.10000000000014,243.29999999999995,1,1,0.0
1251,2,950.2,308.0,109.5,285.9,1,1,1.0
1251,1,1068.1,304.0,91.10000000000014,243.29999999999995,1,1,0.0
1252,2,950.2,308.0,109.5,285.9,1,1,1.0
1252,1,1068.1,304.0,91.10000000000014,243.29999999999995,1,1,0.0
1253,2,950.2,308.0,109.5,285.9,1,1,1.0
1253,1,1068.1,304.0,91.10000000000014,243.29999999999995,1,1,0.0
1254,2,950.2,308.0,109.5,285.9,1,1,1.0
1254,1,1068.1,304.0,91.10000000000014,243.29999999999995,1,1,0.0
1255,2,950.2,308.0,109.5,285.9,1,1,1.0
1255,1,1068.1,304.0,91.10000000000014,243.29999999999995,1,1,0.0
1256,2,950.2,308.0,109.5,285.9,1,1,1.0
1256,1,1068.1,304.0,91.10000000000014,243.29999999999995,1,1,0.0
1257,2,950.2,308.0,109.5,285.9,1,1,1.0
1257,1,1068.1,304.0,91.10000000000014,243.29999999999995,1,1,0.0
1258,2,950.2,308.0,109.5,285.9,1,1,1.0
1258,1,1068.1,304.0,91.10000000000014,243.29999999999995,1,1,0.0
1259,2,950.2,308.0,109.5,285.9,1,1,1.0
1259,1,1068.1,304.0,91.10000000000014,243.29999999999995,1,1,0.0
1260,2,950.2,308.0,109.5,285.9,1,1,1.0
1260,1,1068.1,304.0,91.10000000000014,243.29999999999995,1,1,0.0
1261,2,950.2,308.0,109.5,285.9,1,1,1.0
1261,1,1068.1,304.0,91.10000000000014,243.29999999999995,1,1,0.0
1262,2,950.2,308.0,109.5,285.9,1,1,1.0
1262,1,1068.1,304.0,91.10000000000014,243.29999999999995,1,1,0.0
1263,2,950.2,308.0,109.5,285.9,1,1,1.0
1263,1,1068.1,304.0,91.10000000000014,243.29999999999995,1,1,0.0
1264,2,950.2,308.0,109.5,285.9,1,1,1.0
1264,1,1068.1,304.0,91.10000000000014,243.29999999999995,1,1,0.0
1265,2,950.2,308.0,109.5,285.9,1,1,1.0
1265,1,1068.1,304.0,91.10000000000014,243.29999999999995,1,1,0.0
1266,2,950.2,308.0,109.5,285.9,1,1,1.0
1266,1,1068.1,304.0,91.10000000000014,243.29999999999995,1,1,0.0
1267,2,950.2,308.0,109.5,285.9,1,1,1.0
1267,1,1068.1,304.0,91.10000000000014,243.29999999999995,1,1,0.0
1268,2,950.2,308.0,109.5,285.9,1,1,1.0
1268,1,1068.1,304.0,91.10000000000014,243.29999999999995,1,1,0.0
1269,2,950.2,308.0,109.5,285.9,1,1,1.0
1269,1,1068.1,304.0,91.10000000000014,243.29999999999995,1,1,0.0
1270,2,950.2,308.0,109.5,285.9,1,1,1.0
1270,1,1068.1,304.0,91.10000000000014,243.29999999999995,1,1,0.0
1271,2,950.2,308.0,109.5,285.9,1,1,1.0
1271,1,1068.1,304.0,91.10000000000014,243.29999999999995,1,1,0.0
1272,2,950.2,308.0,109.5,285.9,1,1,1.0
1272,1,1068.1,304.0,91.10000000000014,243.29999999999995,1,1,0.0
1273,2,950.2,308.0,109.5,285.9,1,1,1.0
1273,1,1068.1,304.0,91.10000000000014,243.29999999999995,1,1,0.0
1274,2,950.2,308.0,109.5,285.9,1,1,1.0
1274,1,1068.1,304.0,91.10000000000014,243.29999999999995,1,1,0.0
1275,2,950.2,308.0,109.5,285.9,1,1,1.0
1275,1,1068.1,304.0,91.10000000000014,243.29999999999995,1,1,0.0
1276,2,950.2,308.0,109.5,285.9,1,1,1.0
1276,1,1068.1,304.0,91.10000000000014,243.29999999999995,1,1,0.0
1277,2,950.2,308.0,109.5,285.9,1,1,1.0
1277,1,1068.1,304.0,91.10000000000014,243.29999999999995,1,1,0.0
1278,2,950.2,308.0,109.5,285.9,1,1,1.0
1278,1,1068.1,304.0,91.10000000000014,243.29999999999995,1,1,0.0
1279,2,950.2,308.0,109.5,285.9,1,1,1.0
1279,1,1068.1,304.0,91.10000000000014,243.29999999999995,1,1,0.0
1280,2,950.2,308.0,109.5,285.9,1,1,1.0
1280,1,1068.1,304.0,91.10000000000014,243.29999999999995,1,1,0.0
1281,2,950.2,308.0,109.5,285.9,1,1,1.0
1281,1,1068.1,304.0,91.10000000000014,243.29999999999995,1,1,0.0
1282,2,950.2,308.0,109.5,285.9,1,1,1.0
1282,1,1068.1,304.0,91.10000000000014,243.29999999999995,1,1,0.0
1283,2,950.2,308.0,109.5,285.9,1,1,1.0
1283,1,1068.1,304.0,91.10000000000014,243.29999999999995,1,1,0.0
1284,2,950.2,308.0,109.5,285.9,1,1,1.0
1284,1,1068.1,304.0,91.10000000000014,243.29999999999995,1,1,0.0
1285,2,950.2,308.0,109.5,285.9,1,1,1.0
1285,1,1068.1,304.0,91.10000000000014,243.29999999999995,1,1,0.0
1286,2,950.2,308.0,109.5,285.9,1,1,1.0
1286,1,1068.1,304.0,91.10000000000014,243.29999999999995,1,1,0.0
1287,2,950.2,308.0,109.5,285.9,1,1,1.0
1287,1,1068.1,304.0,91.10000000000014,243.29999999999995,1,1,0.0
1288,2,950.2,308.0,109.5,285.9,1,1,1.0
1288,1,1068.1,304.0,91.10000000000014,243.29999999999995,1,1,0.0
1289,2,950.2,308.0,109.5,285.9,1,1,1.0
1289,1,1068.1,304.0,91.10000000000014,243.29999999999995,1,1,0.0
1290,2,950.2,308.0,109.5,285.9,1,1,1.0
1290,1,1068.1,304.0,91.10000000000014,243.29999999999995,1,1,0.0
1291,2,950.2,308.0,109.5,285.9,1,1,1.0
1291,1,1068.1,304.0,91.10000000000014,243.29999999999995,1,1,0.0
1292,2,950.2,308.0,109.5,285.9,1,1,1.0
1292,1,1068.1,304.0,91.10000000000014,243.29999999999995,1,1,0.0
1293,2,950.2,308.0,109.5,285.9,1,1,1.0
1293,1,1068.1,304.0,91.10000000000014,243.29999999999995,1,1,0.0
1294,2,950.2,308.0,109.5,285.9,1,1,1.0
1294,1,1068.1,304.0,91.10000000000014,243.29999999999995,1,1,0.0
1295,2,950.2,308.0,109.5,285.9,1,1,1.0
1295,1,1068.1,304.0,91.10000000000014,243.29999999999995,1,1,0.0
1296,2,950.2,308.0,109.5,285.9,1,1,1.0
1296,1,1068.1,304.0,91.10000000000014,243.29999999999995,1,1,0.0
1297,2,950.2,308.0,109.5,285.9,1,1,1.0
1297,1,1068.1,304.0,91.10000000000014,243.29999999999995,1,1,0.0
1298,2,950.2,308.0,109.5,285.9,1,1,1.0
1298,1,1068.1,304.0,91.10000000000014,243.29999999999995,1,1,0.0
1299,2,950.2,308.0,109.5,285.9,1,1,1.0
1299,1,1068.1,304.0,91.10000000000014,243.29999999999995,1,1,0.0
1300,2,950.2,308.0,109.5,285.9,1,1,1.0
1300,1,1068.1,304.0,91.10000000000014,243.29999999999995,1,1,0.0
1301,2,950.2,308.0,109.5,285.9,1,1,1.0
1301,1,1068.1,304.0,91.10000000000014,243.29999999999995,1,1,0.0
1302,2,950.2,308.0,109.5,285.9,1,1,1.0
1302,1,1068.1,304.0,91.10000000000014,243.29999999999995,1,1,0.0
1303,2,950.2,308.0,109.5,285.9,1,1,1.0
1303,1,1068.1,304.0,91.10000000000014,243.29999999999995,1,1,0.0
1304,2,950.2,308.0,109.5,285.9,1,1,1.0
1304,1,1068.1,304.0,91.10000000000014,243.29999999999995,1,1,0.0
1305,2,950.2,308.0,109.5,285.9,1,1,1.0
1305,1,1068.1,304.0,91.10000000000014,243.29999999999995,1,1,0.0
1306,2,950.2,308.0,109.5,285.9,1,1,1.0
1306,1,1068.1,304.0,91.10000000000014,243.29999999999995,1,1,0.0
1307,2,950.2,308.0,109.5,285.9,1,1,1.0
1307,1,1068.1,304.0,91.10000000000014,243.29999999999995,1,1,0.0
1308,2,950.2,308.0,109.5,285.9,1,1,1.0
1308,1,1068.1,304.0,91.10000000000014,243.29999999999995,1,1,0.0
1309,2,950.2,308.0,109.5,285.9,1,1,1.0
1309,1,1068.1,304.0,91.10000000000014,243.29999999999995,1,1,0.0
1310,2,950.2,308.0,109.5,285.9,1,1,1.0
1310,1,1068.1,304.0,91.10000000000014,243.29999999999995,1,1,0.0
1311,2,950.2,308.0,109.5,285.9,1,1,1.0
1311,1,1068.1,304.0,91.10000000000014,243.29999999999995,1,1,0.0
1312,2,950.2,308.0,109.5,285.9,1,1,1.0
1312,1,1068.1,304.0,91.10000000000014,243.29999999999995,1,1,0.0
1313,2,950.2,308.0,109.5,285.9,1,1,1.0
1313,1,1068.1,304.0,91.10000000000014,243.29999999999995,1,1,0.0
1314,2,950.2,308.0,109.5,285.9,1,1,1.0
1314,1,1068.1,304.0,91.10000000000014,243.29999999999995,1,1,0.0
1315,2,950.2,308.0,109.5,285.9,1,1,1.0
1315,1,1068.1,304.0,91.10000000000014,243.29999999999995,1,1,0.0
1316,2,950.2,308.0,109.5,285.9,1,1,1.0
1316,1,1068.1,304.0,91.10000000000014,243.29999999999995,1,1,0.0
1317,2,950.2,308.0,109.5,285.9,1,1,1.0
1317,1,1068.1,304.0,91.10000000000014,243.29999999999995,1,1,0.0
1318,2,950.2,308.0,109.5,285.9,1,1,1.0
1318,1,1068.1,304.0,91.10000000000014,243.29999999999995,1,1,0.0
1319,2,950.2,308.0,109.5,285.9,1,1,1.0
1319,1,1068.1,304.0,91.10000000000014,243.29999999999995,1,1,0.0
1320,2,950.2,308.0,109.5,285.9,1,1,1.0
1320,1,1068.1,304.0,91.10000000000014,243.29999999999995,1,1,0.0
1321,2,950.2,308.0,109.5,285.9,1,1,1.0
1321,1,1068.1,304.0,91.10000000000014,243.29999999999995,1,1,0.0
1322,2,950.2,308.0,109.5,285.9,1,1,1.0
1322,1,1068.1,304.0,91.10000000000014,243.29999999999995,1,1,0.0
1323,2,950.2,308.0,109.5,285.9,1,1,1.0
1323,1,1068.1,304.0,91.10000000000014,243.29999999999995,1,1,0.0
1324,2,950.2,308.0,109.5,285.9,1,1,1.0
1324,1,1068.1,304.0,91.10000000000014,243.29999999999995,1,1,0.0
1325,2,950.2,308.0,109.5,285.9,1,1,1.0
1325,1,1068.1,304.0,91.10000000000014,243.29999999999995,1,1,0.0
1326,2,950.2,308.0,109.5,285.9,1,1,1.0
1326,1,1068.1,304.0,91.10000000000014,243.29999999999995,1,1,0.0
1327,2,950.2,308.0,109.5,285.9,1,1,1.0
1327,1,1068.1,304.0,91.10000000000014,243.29999999999995,1,1,0.0
1328,2,950.2,308.0,109.5,285.9,1,1,1.0
1328,1,1068.1,304.0,91.10000000000014,243.29999999999995,1,1,0.0
1329,2,950.2,308.0,109.5,285.9,1,1,1.0
1329,1,1068.1,304.0,91.10000000000014,243.29999999999995,1,1,0.0
1330,2,950.2,308.0,109.5,285.9,1,1,1.0
1330,1,1068.1,304.0,91.10000000000014,243.29999999999995,1,1,0.0
1331,2,950.2,308.0,109.5,285.9,1,1,1.0
1331,1,1068.1,304.0,91.10000000000014,243.29999999999995,1,1,0.0
1332,2,950.2,308.0,109.5,285.9,1,1,1.0
1332,1,1068.1,304.0,91.10000000000014,243.29999999999995,1,1,0.0
1333,2,950.2,308.0,109.5,285.9,1,1,1.0
1333,1,1068.1,304.0,91.10000000000014,243.29999999999995,1,1,0.0
1334,2,950.2,308.0,109.5,285.9,1,1,1.0
1334,1,1068.1,304.0,91.10000000000014,243.29999999999995,1,1,0.0
1335,2,950.2,308.0,109.5,285.9,1,1,1.0
1335,1,1068.1,304.0,91.10000000000014,243.29999999999995,1,1,0.0
1336,2,950.2,308.0,109.5,285.9,1,1,1.0
1336,1,1068.1,304.0,91.10000000000014,243.29999999999995,1,1,0.0
1337,2,950.2,308.0,109.5,285.9,1,1,1.0
1337,1,1068.1,304.0,91.10000000000014,243.29999999999995,1,1,0.0
1338,2,950.2,308.0,109.5,285.9,1,1,1.0
1338,1,1068.1,304.0,91.10000000000014,243.29999999999995,1,1,0.0
1339,2,950.2,308.0,109.5,285.9,1,1,1.0
1339,1,1068.1,304.0,91.10000000000014,243.29999999999995,1,1,0.0
1340,2,950.2,308.0,109.5,285.9,1,1,1.0
1340,1,1068.1,304.0,91.10000000000014,243.29999999999995,1,1,0.0
1341,2,950.2,308.0,109.5,285.9,1,1,1.0
1341,1,1068.1,304.0,91.10000000000014,243.29999999999995,1,1,0.0
1342,2,950.2,308.0,109.5,285.9,1,1,1.0
1342,1,1068.1,304.0,91.10000000000014,243.29999999999995,1,1,0.0
1343,2,950.2,308.0,109.5,285.9,1,1,1.0
1343,1,1068.1,304.0,91.10000000000014,243.29999999999995,1,1,0.0
1344,2,950.2,308.0,109.5,285.9,1,1,1.0
1344,1,1068.1,304.0,91.10000000000014,243.29999999999995,1,1,0.0
1345,2,950.2,308.0,109.5,285.9,1,1,1.0
1345,1,1068.1,304.0,91.10000000000014,243.29999999999995,1,1,0.0
1346,2,950.2,308.0,109.5,285.9,1,1,1.0
1346,1,1068.1,304.0,91.10000000000014,243.29999999999995,1,1,0.0
1347,2,950.2,308.0,109.5,285.9,1,1,1.0
1347,1,1068.1,304.0,91.10000000000014,243.29999999999995,1,1,0.0
1348,2,950.2,308.0,109.5,285.9,1,1,1.0
1348,1,1068.1,304.0,91.10000000000014,243.29999999999995,1,1,0.0
1349,2,950.2,308.0,109.5,285.9,1,1,1.0
1349,1,1068.1,304.0,91.10000000000014,243.29999999999995,1,1,0.0
1350,2,950.2,308.0,109.5,285.9,1,1,1.0
1350,1,1068.1,304.0,91.10000000000014,243.29999999999995,1,1,0.0
1351,2,950.2,308.0,109.5,285.9,1,1,1.0
1351,1,1068.1,304.0,91.10000000000014,243.29999999999995,1,1,0.0
1352,2,950.2,308.0,109.5,285.9,1,1,1.0
1352,1,1068.1,304.0,91.10000000000014,243.29999999999995,1,1,0.0
1353,2,950.2,308.0,109.5,285.9,1,1,1.0
1353,1,1068.1,304.0,91.10000000000014,243.29999999999995,1,1,0.0
1354,2,950.2,308.0,109.5,285.9,1,1,1.0
1354,1,1068.1,304.0,91.10000000000014,243.29999999999995,1,1,0.0
1355,2,950.2,308.0,109.5,285.9,1,1,1.0
1355,1,1068.1,304.0,91.10000000000014,243.29999999999995,1,1,0.0
1356,2,950.2,308.0,109.5,285.9,1,1,1.0
1356,1,1068.1,304.0,91.10000000000014,243.29999999999995,1,1,0.0
1357,2,950.2,308.0,109.5,285.9,1,1,1.0
1357,1,1068.1,304.0,91.10000000000014,243.29999999999995,1,1,0.0
1358,2,950.2,308.0,109.5,285.9,1,1,1.0
1358,1,1068.1,304.0,91.10000000000014,243.29999999999995,1,1,0.0
1359,2,950.2,308.0,109.5,285.9,1,1,1.0
1359,1,1068.1,304.0,91.10000000000014,243.29999999999995,1,1,0.0
1360,2,950.2,308.0,109.5,285.9,1,1,1.0
1360,1,1068.1,304.0,91.10000000000014,243.29999999999995,1,1,0.0
1361,2,950.2,308.0,109.5,285.9,1,1,1.0
1361,1,1068.1,304.0,91.10000000000014,243.29999999999995,1,1,0.0
1362,2,950.2,308.0,109.5,285.9,1,1,1.0
1362,1,1068.1,304.0,91.10000000000014,243.29999999999995,1,1,0.0
1363,2,950.2,308.0,109.5,285.9,1,1,1.0
1363,1,1068.1,304.0,91.10000000000014,243.29999999999995,1,1,0.0
1364,2,950.2,308.0,109.5,285.9,1,1,1.0
1364,1,1068.1,304.0,91.10000000000014,243.29999999999995,1,1,0.0
1365,2,950.2,308.0,109.5,285.9,1,1,1.0
1365,1,1068.1,304.0,91.10000000000014,243.29999999999995,1,1,0.0
1366,2,950.2,308.0,109.5,285.9,1,1,1.0
1366,1,1068.1,304.0,91.10000000000014,243.29999999999995,1,1,0.0
1367,2,950.2,308.0,109.5,285.9,1,1,1.0
1367,1,1068.1,304.0,91.10000000000014,243.29999999999995,1,1,0.0
1368,2,950.2,308.0,109.5,285.9,1,1,1.0
1368,1,1068.1,304.0,91.10000000000014,243.29999999999995,1,1,0.0
1369,2,950.2,308.0,109.5,285.9,1,1,1.0
1369,1,1068.1,304.0,91.10000000000014,243.29999999999995,1,1,0.0
1370,2,950.2,308.0,109.5,285.9,1,1,1.0
1370,1,1068.1,304.0,91.10000000000014,243.29999999999995,1,1,0.0
1371,2,950.2,308.0,109.5,285.9,1,1,1.0
1371,1,1068.1,304.0,91.10000000000014,243.29999999999995,1,1,0.0
1372,2,950.2,308.0,109.5,285.9,1,1,1.0
1372,1,1068.1,304.0,91.10000000000014,243.29999999999995,1,1,0.0
1373,2,950.2,308.0,109.5,285.9,1,1,1.0
1373,1,1068.1,304.0,91.10000000000014,243.29999999999995,1,1,0.0
1374,2,950.2,308.0,109.5,285.9,1,1,1.0
1374,1,1068.1,304.0,91.10000000000014,243.29999999999995,1,1,0.0
1375,2,950.2,308.0,109.5,285.9,1,1,1.0
1375,1,1068.1,304.0,91.10000000000014,243.29999999999995,1,1,0.0
1376,2,950.2,308.0,109.5,285.9,1,1,1.0
1376,1,1068.1,304.0,91.10000000000014,243.29999999999995,1,1,0.0
1377,2,950.2,308.0,109.5,285.9,1,1,1.0
1377,1,1068.1,304.0,91.10000000000014,243.29999999999995,1,1,0.0
1378,2,950.2,308.0,109.5,285.9,1,1,1.0
1378,1,1068.1,304.0,91.10000000000014,243.29999999999995,1,1,0.0
1379,2,950.2,308.0,109.5,285.9,1,1,1.0
1379,1,1068.1,304.0,91.10000000000014,243.29999999999995,1,1,0.0
1380,2,950.2,308.0,109.5,285.9,1,1,1.0
1380,1,1068.1,304.0,91.10000000000014,243.29999999999995,1,1,0.0
1381,2,950.2,308.0,109.5,285.9,1,1,1.0
1381,1,1068.1,304.0,91.10000000000014,243.29999999999995,1,1,0.0
1382,2,950.2,308.0,109.5,285.9,1,1,1.0
1382,1,1068.1,304.0,91.10000000000014,243.29999999999995,1,1,0.0
1383,2,950.2,308.0,109.5,285.9,1,1,1.0
1383,1,1068.1,304.0,91.10000000000014,243.29999999999995,1,1,0.0
1384,2,950.2,308.0,109.5,285.9,1,1,1.0
1384,1,1068.1,304.0,91.10000000000014,243.29999999999995,1,1,0.0
1385,2,950.2,308.0,109.5,285.9,1,1,1.0
1385,1,1068.1,304.0,91.10000000000014,243.29999999999995,1,1,0.0
1386,2,950.2,308.0,109.5,285.9,1,1,1.0
1386,1,1068.1,304.0,91.10000000000014,243.29999999999995,1,1,0.0
1387,2,950.2,308.0,109.5,285.9,1,1,1.0
1387,1,1068.1,304.0,91.10000000000014,243.29999999999995,1,1,0.0
1388,2,950.2,308.0,109.5,285.9,1,1,1.0
1388,1,1068.1,304.0,91.10000000000014,243.29999999999995,1,1,0.0
1389,2,950.2,308.0,109.5,285.9,1,1,1.0
1389,1,1068.1,304.0,91.10000000000014,243.29999999999995,1,1,0.0
1390,2,950.2,308.0,109.5,285.9,1,1,1.0
1390,1,1068.1,304.0,91.10000000000014,243.29999999999995,1,1,0.0
1391,2,950.2,308.0,109.5,285.9,1,1,1.0
1391,1,1068.1,304.0,91.10000000000014,243.29999999999995,1,1,0.0
1392,2,950.2,308.0,109.5,285.9,1,1,1.0
1392,1,1068.1,304.0,91.10000000000014,243.29999999999995,1,1,0.0
1393,2,950.2,308.0,109.5,285.9,1,1,1.0
1393,1,1068.1,304.0,91.10000000000014,243.29999999999995,1,1,0.0
1394,2,950.2,308.0,109.5,285.9,1,1,1.0
1394,1,1068.1,304.0,91.10000000000014,243.29999999999995,1,1,0.0
1395,2,950.2,308.0,109.5,285.9,1,1,1.0
1395,1,1068.1,304.0,91.10000000000014,243.29999999999995,1,1,0.0
1396,2,950.2,308.0,109.5,285.9,1,1,1.0
1396,1,1068.1,304.0,91.10000000000014,243.29999999999995,1,1,0.0
1397,2,950.2,308.0,109.5,285.9,1,1,1.0
1397,1,1068.1,304.0,91.10000000000014,243.29999999999995,1,1,0.0
1398,2,950.2,308.0,109.5,285.9,1,1,1.0
1398,1,1068.1,304.0,91.10000000000014,243.29999999999995,1,1,0.0
1399,2,950.2,308.0,109.5,285.9,1,1,1.0
1399,1,1068.1,304.0,91.10000000000014,243.29999999999995,1,1,0.0
1400,2,950.2,308.0,109.5,285.9,1,1,1.0
1400,1,1068.1,304.0,91.10000000000014,243.29999999999995,1,1,0.0
1401,2,950.2,308.0,109.5,285.9,1,1,1.0
1401,1,1068.1,304.0,91.10000000000014,243.29999999999995,1,1,0.0
1402,2,950.2,308.0,109.5,285.9,1,1,1.0
1402,1,1068.1,304.0,91.10000000000014,243.29999999999995,1,1,0.0
1403,2,950.2,308.0,109.5,285.9,1,1,1.0
1403,1,1068.1,304.0,91.10000000000014,243.29999999999995,1,1,0.0
1404,2,950.2,308.0,109.5,285.9,1,1,1.0
1404,1,1068.1,304.0,91.10000000000014,243.29999999999995,1,1,0.0
1405,2,950.2,308.0,109.5,285.9,1,1,1.0
1405,1,1068.1,304.0,91.10000000000014,243.29999999999995,1,1,0.0
1406,2,950.2,308.0,109.5,285.9,1,1,1.0
1406,1,1068.1,304.0,91.10000000000014,243.29999999999995,1,1,0.0
1407,2,950.2,308.0,109.5,285.9,1,1,1.0
1407,1,1068.1,304.0,91.10000000000014,243.29999999999995,1,1,0.0
1408,2,950.2,308.0,109.5,285.9,1,1,1.0
1408,1,1068.1,304.0,91.10000000000014,243.29999999999995,1,1,0.0
1409,2,950.2,308.0,109.5,285.9,1,1,1.0
1409,1,1068.1,304.0,91.10000000000014,243.29999999999995,1,1,0.0
1410,2,950.2,308.0,109.5,285.9,1,1,1.0
1410,1,1068.1,304.0,91.10000000000014,243.29999999999995,1,1,0.0
1411,2,950.2,308.0,109.5,285.9,1,1,1.0
1411,1,1068.1,304.0,91.10000000000014,243.29999999999995,1,1,0.0
1412,2,950.2,308.0,109.5,285.9,1,1,1.0
1412,1,1068.1,304.0,91.10000000000014,243.29999999999995,1,1,0.0
1413,2,950.2,308.0,109.5,285.9,1,1,1.0
1413,1,1068.1,304.0,91.10000000000014,243.29999999999995,1,1,0.0
1414,2,950.2,308.0,109.5,285.9,1,1,1.0
1414,1,1068.1,304.0,91.10000000000014,243.29999999999995,1,1,0.0
1415,2,950.2,308.0,109.5,285.9,1,1,1.0
1415,1,1068.1,304.0,91.10000000000014,243.29999999999995,1,1,0.0
1416,2,950.2,308.0,109.5,285.9,1,1,1.0
1416,1,1068.1,304.0,91.10000000000014,243.29999999999995,1,1,0.0
1417,2,950.2,308.0,109.5,285.9,1,1,1.0
1417,1,1068.1,304.0,91.10000000000014,243.29999999999995,1,1,0.0
1418,2,950.2,308.0,109.5,285.9,1,1,1.0
1418,1,1068.1,304.0,91.10000000000014,243.29999999999995,1,1,0.0
1419,2,950.2,308.0,109.5,285.9,1,1,1.0
1419,1,1068.1,304.0,91.10000000000014,243.29999999999995,1,1,0.0
1420,2,950.2,308.0,109.5,285.9,1,1,1.0
1420,1,1068.1,304.0,91.10000000000014,243.29999999999995,1,1,0.0
1421,2,950.2,308.0,109.5,285.9,1,1,1.0
1421,1,1068.1,304.0,91.10000000000014,243.29999999999995,1,1,0.0
1422,2,950.2,308.0,109.5,285.9,1,1,1.0
1422,1,1068.1,304.0,91.10000000000014,243.29999999999995,1,1,0.0
1423,2,950.2,308.0,109.5,285.9,1,1,1.0
1423,1,1068.1,304.0,91.10000000000014,243.29999999999995,1,1,0.0
1424,2,950.2,308.0,109.5,285.9,1,1,1.0
1424,1,1068.1,304.0,91.10000000000014,243.29999999999995,1,1,0.0
1425,2,950.2,308.0,109.5,285.9,1,1,1.0
1425,1,1068.1,304.0,91.10000000000014,243.29999999999995,1,1,0.0
1426,2,950.2,308.0,109.5,285.9,1,1,1.0
1426,1,1068.1,304.0,91.10000000000014,243.29999999999995,1,1,0.0
1427,2,950.2,308.0,109.5,285.9,1,1,1.0
1427,1,1068.1,304.0,91.10000000000014,243.29999999999995,1,1,0.0
1428,2,950.2,308.0,109.5,285.9,1,1,1.0
1428,1,1068.1,304.0,91.10000000000014,243.29999999999995,1,1,0.0
1429,2,950.2,308.0,109.5,285.9,1,1,1.0
1429,1,1068.1,304.0,91.10000000000014,243.29999999999995,1,1,0.0
1430,2,950.2,308.0,109.5,285.9,1,1,1.0
1430,1,1068.1,304.0,91.10000000000014,243.29999999999995,1,1,0.0
1431,2,950.2,308.0,109.5,285.9,1,1,1.0
1431,1,1068.1,304.0,91.10000000000014,243.29999999999995,1,1,0.0
1432,2,950.2,308.0,109.5,285.9,1,1,1.0
1432,1,1068.1,304.0,91.10000000000014,243.29999999999995,1,1,0.0
1433,2,950.2,308.0,109.5,285.9,1,1,1.0
1433,1,1068.1,304.0,91.10000000000014,243.29999999999995,1,1,0.0
1434,2,950.2,308.0,109.5,285.9,1,1,1.0
1434,1,1068.1,304.0,91.10000000000014,243.29999999999995,1,1,0.0
1435,2,950.2,308.0,109.5,285.9,1,1,1.0
1435,1,1068.1,304.0,91.10000000000014,243.29999999999995,1,1,0.0
1436,2,950.2,308.0,109.5,285.9,1,1,1.0
1436,1,1068.1,304.0,91.10000000000014,243.29999999999995,1,1,0.0
1437,2,950.2,308.0,109.5,285.9,1,1,1.0
1437,1,1068.1,304.0,91.10000000000014,243.29999999999995,1,1,0.0
1438,2,950.2,308.0,109.5,285.9,1,1,1.0
1438,1,1068.1,304.0,91.10000000000014,243.29999999999995,1,1,0.0
1439,2,950.2,308.0,109.5,285.9,1,1,1.0
1439,1,1068.1,304.0,91.10000000000014,243.29999999999995,1,1,0.0
1440,2,950.2,308.0,109.5,285.9,1,1,1.0
1440,1,1068.1,304.0,91.10000000000014,243.29999999999995,1,1,0.0
1441,2,950.2,308.0,109.5,285.9,1,1,1.0
1441,1,1068.1,304.0,91.10000000000014,243.29999999999995,1,1,0.0
1442,2,950.2,308.0,109.5,285.9,1,1,1.0
1442,1,1068.1,304.0,91.10000000000014,243.29999999999995,1,1,0.0
1443,2,950.2,308.0,109.5,285.9,1,1,1.0
1443,1,1068.1,304.0,91.10000000000014,243.29999999999995,1,1,0.0
1444,2,950.2,308.0,109.5,285.9,1,1,1.0
1444,1,1068.1,304.0,91.10000000000014,243.29999999999995,1,1,0.0
1445,2,950.2,308.0,109.5,285.9,1,1,1.0
1445,1,1068.1,304.0,91.10000000000014,243.29999999999995,1,1,0.0
1446,2,950.2,308.0,109.5,285.9,1,1,1.0
1446,1,1068.1,304.0,91.10000000000014,243.29999999999995,1,1,0.0
1447,2,950.2,308.0,109.5,285.9,1,1,1.0
1447,1,1068.1,304.0,91.10000000000014,243.29999999999995,1,1,0.0
1448,2,950.2,308.0,109.5,285.9,1,1,1.0
1448,1,1068.1,304.0,91.10000000000014,243.29999999999995,1,1,0.0
1449,2,950.2,308.0,109.5,285.9,1,1,1.0
1449,1,1068.1,304.0,91.10000000000014,243.29999999999995,1,1,0.0
1450,2,950.2,308.0,109.5,285.9,1,1,1.0
1450,1,1068.1,304.0,91.10000000000014,243.29999999999995,1,1,0.0
1451,2,950.2,308.0,109.5,285.9,1,1,1.0
1451,1,1068.1,304.0,91.10000000000014,243.29999999999995,1,1,0.0
1452,2,950.2,308.0,109.5,285.9,1,1,1.0
1452,1,1068.1,304.0,91.10000000000014,243.29999999999995,1,1,0.0
1453,2,950.2,308.0,109.5,285.9,1,1,1.0
1453,1,1068.1,304.0,91.10000000000014,243.29999999999995,1,1,0.0
1454,2,950.2,308.0,109.5,285.9,1,1,1.0
1454,1,1068.1,304.0,91.10000000000014,243.29999999999995,1,1,0.0
1455,2,950.2,308.0,109.5,285.9,1,1,1.0
1455,1,1068.1,304.0,91.10000000000014,243.29999999999995,1,1,0.0
1456,2,950.2,308.0,109.5,285.9,1,1,1.0
1456,1,1068.1,304.0,91.10000000000014,243.29999999999995,1,1,0.0
1457,2,950.2,308.0,109.5,285.9,1,1,1.0
1457,1,1068.1,304.0,91.10000000000014,243.29999999999995,1,1,0.0
1458,2,950.2,308.0,109.5,285.9,1,1,1.0
1458,1,1068.1,304.0,91.10000000000014,243.29999999999995,1,1,0.0
1459,2,950.2,308.0,109.5,285.9,1,1,1.0
1459,1,1068.1,304.0,91.10000000000014,243.29999999999995,1,1,0.0
1460,2,950.2,308.0,109.5,285.9,1,1,1.0
1460,1,1068.1,304.0,91.10000000000014,243.29999999999995,1,1,0.0
1461,2,950.2,308.0,109.5,285.9,1,1,1.0
1461,1,1068.1,304.0,91.10000000000014,243.29999999999995,1,1,0.0
1462,2,950.2,308.0,109.5,285.9,1,1,1.0
1462,1,1068.1,304.0,91.10000000000014,243.29999999999995,1,1,0.0
1463,2,950.2,308.0,109.5,285.9,1,1,1.0
1463,1,1068.1,304.0,91.10000000000014,243.29999999999995,1,1,0.0
1464,2,950.2,308.0,109.5,285.9,1,1,1.0
1464,1,1068.1,304.0,91.10000000000014,243.29999999999995,1,1,0.0
1465,2,950.2,308.0,109.5,285.9,1,1,1.0
1465,1,1068.1,304.0,91.10000000000014,243.29999999999995,1,1,0.0
1466,2,950.2,308.0,109.5,285.9,1,1,1.0
1466,1,1068.1,304.0,91.10000000000014,243.29999999999995,1,1,0.0
1467,2,950.2,308.0,109.5,285.9,1,1,1.0
1467,1,1068.1,304.0,91.10000000000014,243.29999999999995,1,1,0.0
1468,2,950.2,308.0,109.5,285.9,1,1,1.0
1468,1,1068.1,304.0,91.10000000000014,243.29999999999995,1,1,0.0
1469,2,950.2,308.0,109.5,285.9,1,1,1.0
1469,1,1068.1,304.0,91.10000000000014,243.29999999999995,1,1,0.0
1470,2,950.2,308.0,109.5,285.9,1,1,1.0
1470,1,1068.1,304.0,91.10000000000014,243.29999999999995,1,1,0.0
1471,2,950.2,308.0,109.5,285.9,1,1,1.0
1471,1,1068.1,304.0,91.10000000000014,243.29999999999995,1,1,0.0
1472,2,950.2,308.0,109.5,285.9,1,1,1.0
1472,1,1068.1,304.0,91.10000000000014,243.29999999999995,1,1,0.0
1473,2,950.2,308.0,109.5,285.9,1,1,1.0
1473,1,1068.1,304.0,91.10000000000014,243.29999999999995,1,1,0.0
1474,2,950.2,308.0,109.5,285.9,1,1,1.0
1474,1,1068.1,304.0,91.10000000000014,243.29999999999995,1,1,0.0
1475,2,950.2,308.0,109.5,285.9,1,1,1.0
1475,1,1068.1,304.0,91.10000000000014,243.29999999999995,1,1,0.0
1476,2,950.2,308.0,109.5,285.9,1,1,1.0
1476,1,1068.1,304.0,91.10000000000014,243.29999999999995,1,1,0.0
1477,2,950.2,308.0,109.5,285.9,1,1,1.0
1477,1,1068.1,304.0,91.10000000000014,243.29999999999995,1,1,0.0
1478,2,950.2,308.0,109.5,285.9,1,1,1.0
1478,1,1068.1,304.0,91.10000000000014,243.29999999999995,1,1,0.0
1479,2,950.2,308.0,109.5,285.9,1,1,1.0
1479,1,1068.1,304.0,91.10000000000014,243.29999999999995,1,1,0.0
1480,2,950.2,308.0,109.5,285.9,1,1,1.0
1480,1,1068.1,304.0,91.10000000000014,243.29999999999995,1,1,0.0
1481,2,950.2,308.0,109.5,285.9,1,1,1.0
1481,1,1068.1,304.0,91.10000000000014,243.29999999999995,1,1,0.0
1482,2,950.2,308.0,109.5,285.9,1,1,1.0
1482,1,1068.1,304.0,91.10000000000014,243.29999999999995,1,1,0.0
1483,2,950.2,308.0,109.5,285.9,1,1,1.0
1483,1,1068.1,304.0,91.10000000000014,243.29999999999995,1,1,0.0
1484,2,950.2,308.0,109.5,285.9,1,1,1.0
1484,1,1068.1,304.0,91.10000000000014,243.29999999999995,1,1,0.0
1485,2,950.2,308.0,109.5,285.9,1,1,1.0
1485,1,1068.1,304.0,91.10000000000014,243.29999999999995,1,1,0.0
1486,2,950.2,308.0,109.5,285.9,1,1,1.0
1486,1,1068.1,304.0,91.10000000000014,243.29999999999995,1,1,0.0
1487,2,950.2,308.0,109.5,285.9,1,1,1.0
1487,1,1068.1,304.0,91.10000000000014,243.29999999999995,1,1,0.0
1488,2,950.2,308.0,109.5,285.9,1,1,1.0
1488,1,1068.1,304.0,91.10000000000014,243.29999999999995,1,1,0.0
1489,2,950.2,308.0,109.5,285.9,1,1,1.0
1489,1,1068.1,304.0,91.10000000000014,243.29999999999995,1,1,0.0
1490,2,950.2,308.0,109.5,285.9,1,1,1.0
1490,1,1068.1,304.0,91.10000000000014,243.29999999999995,1,1,0.0
1491,2,950.2,308.0,109.5,285.9,1,1,1.0
1491,1,1068.1,304.0,91.10000000000014,243.29999999999995,1,1,0.0
1492,2,950.2,308.0,109.5,285.9,1,1,1.0
1492,1,1068.1,304.0,91.10000000000014,243.29999999999995,1,1,0.0
1493,2,950.2,308.0,109.5,285.9,1,1,1.0
1493,1,1068.1,304.0,91.10000000000014,243.29999999999995,1,1,0.0
1494,2,950.2,308.0,109.5,285.9,1,1,1.0
1494,1,1068.1,304.0,91.10000000000014,243.29999999999995,1,1,0.0
1495,2,950.2,308.0,109.5,285.9,1,1,1.0
1495,1,1068.1,304.0,91.10000000000014,243.29999999999995,1,1,0.0
1496,2,950.2,308.0,109.5,285.9,1,1,1.0
1496,1,1068.1,304.0,91.10000000000014,243.29999999999995,1,1,0.0
1497,2,950.2,308.0,109.5,285.9,1,1,1.0
1497,1,1068.1,304.0,91.10000000000014,243.29999999999995,1,1,0.0
1498,2,950.2,308.0,109.5,285.9,1,1,1.0
1498,1,1068.1,304.0,91.10000000000014,243.29999999999995,1,1,0.0
1499,2,950.2,308.0,109.5,285.9,1,1,1.0
1499,1,1068.1,304.0,91.10000000000014,243.29999999999995,1,1,0.0
1500,2,950.2,308.0,109.5,285.9,1,1,1.0
1500,1,1068.1,304.0,91.10000000000014,243.29999999999995,1,1,0.0
1501,2,950.2,308.0,109.5,285.9,1,1,1.0
1501,1,1068.1,304.0,91.10000000000014,243.29999999999995,1,1,0.0
1502,2,950.2,308.0,109.5,285.9,1,1,1.0
1502,1,1068.1,304.0,91.10000000000014,243.29999999999995,1,1,0.0
1503,2,950.2,308.0,109.5,285.9,1,1,1.0
1503,1,1068.1,304.0,91.10000000000014,243.29999999999995,1,1,0.0
1504,2,950.2,308.0,109.5,285.9,1,1,1.0
1504,1,1068.1,304.0,91.10000000000014,243.29999999999995,1,1,0.0
1505,2,950.2,308.0,109.5,285.9,1,1,1.0
1505,1,1068.1,304.0,91.10000000000014,243.29999999999995,1,1,0.0
1506,2,950.2,308.0,109.5,285.9,1,1,1.0
1506,1,1068.1,304.0,91.10000000000014,243.29999999999995,1,1,0.0
1507,2,950.2,308.0,109.5,285.9,1,1,1.0
1507,1,1068.1,304.0,91.10000000000014,243.29999999999995,1,1,0.0
1508,2,950.2,308.0,109.5,285.9,1,1,1.0
1508,1,1068.1,304.0,91.10000000000014,243.29999999999995,1,1,0.0
1509,2,950.2,308.0,109.5,285.9,1,1,1.0
1509,1,1068.1,304.0,91.10000000000014,243.29999999999995,1,1,0.0
1510,2,950.2,308.0,109.5,285.9,1,1,1.0
1510,1,1068.1,304.0,91.10000000000014,243.29999999999995,1,1,0.0
1511,2,950.2,308.0,109.5,285.9,1,1,1.0
1511,1,1068.1,304.0,91.10000000000014,243.29999999999995,1,1,0.0
1512,2,950.2,308.0,109.5,285.9,1,1,1.0
1512,1,1068.1,304.0,91.10000000000014,243.29999999999995,1,1,0.0
1513,2,950.2,308.0,109.5,285.9,1,1,1.0
1513,1,1068.1,304.0,91.10000000000014,243.29999999999995,1,1,0.0
1514,2,950.2,308.0,109.5,285.9,1,1,1.0
1514,1,1068.1,304.0,91.10000000000014,243.29999999999995,1,1,0.0
1515,2,950.2,308.0,109.5,285.9,1,1,1.0
1515,1,1068.1,304.0,91.10000000000014,243.29999999999995,1,1,0.0
1516,2,950.2,308.0,109.5,285.9,1,1,1.0
1516,1,1068.1,304.0,91.10000000000014,243.29999999999995,1,1,0.0
1517,2,950.2,308.0,109.5,285.9,1,1,1.0
1517,1,1068.1,304.0,91.10000000000014,243.29999999999995,1,1,0.0
1518,2,950.2,308.0,109.5,285.9,1,1,1.0
1518,1,1068.1,304.0,91.10000000000014,243.29999999999995,1,1,0.0
1519,2,950.2,308.0,109.5,285.9,1,1,1.0
1519,1,1068.1,304.0,91.10000000000014,243.29999999999995,1,1,0.0
1520,2,950.2,308.0,109.5,285.9,1,1,1.0
1520,1,1068.1,304.0,91.10000000000014,243.29999999999995,1,1,0.0
1521,2,950.2,308.0,109.5,285.9,1,1,1.0
1521,1,1068.1,304.0,91.10000000000014,243.29999999999995,1,1,0.0
1522,2,950.2,308.0,109.5,285.9,1,1,1.0
1522,1,1068.1,304.0,91.10000000000014,243.29999999999995,1,1,0.0
1523,2,950.2,308.0,109.5,285.9,1,1,1.0
1523,1,1068.1,304.0,91.10000000000014,243.29999999999995,1,1,0.0
1524,2,950.2,308.0,109.5,285.9,1,1,1.0
1524,1,1068.1,304.0,91.10000000000014,243.29999999999995,1,1,0.0
1525,2,950.2,308.0,109.5,285.9,1,1,1.0
1525,1,1068.1,304.0,91.10000000000014,243.29999999999995,1,1,0.0
1526,2,950.2,308.0,109.5,285.9,1,1,1.0
1526,1,1068.1,304.0,91.10000000000014,243.29999999999995,1,1,0.0
1527,2,950.2,308.0,109.5,285.9,1,1,1.0
1527,1,1068.1,304.0,91.10000000000014,243.29999999999995,1,1,0.0
1528,2,950.2,308.0,109.5,285.9,1,1,1.0
1528,1,1068.1,304.0,91.10000000000014,243.29999999999995,1,1,0.0
1529,2,950.2,308.0,109.5,285.9,1,1,1.0
1529,1,1068.1,304.0,91.10000000000014,243.29999999999995,1,1,0.0
1530,2,950.2,308.0,109.5,285.9,1,1,1.0
1530,1,1068.1,304.0,91.10000000000014,243.29999999999995,1,1,0.0
1531,2,950.2,308.0,109.5,285.9,1,1,1.0
1531,1,1068.1,304.0,91.10000000000014,243.29999999999995,1,1,0.0
1532,2,950.2,308.0,109.5,285.9,1,1,1.0
1532,1,1068.1,304.0,91.10000000000014,243.29999999999995,1,1,0.0
1533,2,950.2,308.0,109.5,285.9,1,1,1.0
1533,1,1068.1,304.0,91.10000000000014,243.29999999999995,1,1,0.0
1534,2,950.2,308.0,109.5,285.9,1,1,1.0
1534,1,1068.1,304.0,91.10000000000014,243.29999999999995,1,1,0.0
1535,2,950.2,308.0,109.5,285.9,1,1,1.0
1535,1,1068.1,304.0,91.10000000000014,243.29999999999995,1,1,0.0
1536,2,950.2,308.0,109.5,285.9,1,1,1.0
1536,1,1068.1,304.0,91.10000000000014,243.29999999999995,1,1,0.0
1537,2,950.2,308.0,109.5,285.9,1,1,1.0
1537,1,1068.1,304.0,91.10000000000014,243.29999999999995,1,1,0.0
1538,2,950.2,308.0,109.5,285.9,1,1,1.0
1538,1,1068.1,304.0,91.10000000000014,243.29999999999995,1,1,0.0
1539,2,950.2,308.0,109.5,285.9,1,1,1.0
1539,1,1068.1,304.0,91.10000000000014,243.29999999999995,1,1,0.0
1540,2,950.2,308.0,109.5,285.9,1,1,1.0
1540,1,1068.1,304.0,91.10000000000014,243.29999999999995,1,1,0.0
1541,2,950.2,308.0,109.5,285.9,1,1,1.0
1541,1,1068.1,304.0,91.10000000000014,243.29999999999995,1,1,0.0
1542,2,950.2,308.0,109.5,285.9,1,1,1.0
1542,1,1068.1,304.0,91.10000000000014,243.29999999999995,1,1,0.0
1543,2,950.2,308.0,109.5,285.9,1,1,1.0
1543,1,1068.1,304.0,91.10000000000014,243.29999999999995,1,1,0.0
1544,2,950.2,308.0,109.5,285.9,1,1,1.0
1544,1,1068.1,304.0,91.10000000000014,243.29999999999995,1,1,0.0
1545,2,950.2,308.0,109.5,285.9,1,1,1.0
1545,1,1068.1,304.0,91.10000000000014,243.29999999999995,1,1,0.0
1546,2,950.2,308.0,109.5,285.9,1,1,1.0
1546,1,1068.1,304.0,91.10000000000014,243.29999999999995,1,1,0.0
1547,2,950.2,308.0,109.5,285.9,1,1,1.0
1547,1,1068.1,304.0,91.10000000000014,243.29999999999995,1,1,0.0
1548,2,950.2,308.0,109.5,285.9,1,1,1.0
1548,1,1068.1,304.0,91.10000000000014,243.29999999999995,1,1,0.0
1549,2,950.2,308.0,109.5,285.9,1,1,1.0
1549,1,1068.1,304.0,91.10000000000014,243.29999999999995,1,1,0.0
1550,2,950.2,308.0,109.5,285.9,1,1,1.0
1550,1,1068.1,304.0,91.10000000000014,243.29999999999995,1,1,0.0
1551,2,950.2,308.0,109.5,285.9,1,1,1.0
1551,1,1068.1,304.0,91.10000000000014,243.29999999999995,1,1,0.0
1552,2,950.2,308.0,109.5,285.9,1,1,1.0
1552,1,1068.1,304.0,91.10000000000014,243.29999999999995,1,1,0.0
1553,2,950.2,308.0,109.5,285.9,1,1,1.0
1553,1,1068.1,304.0,91.10000000000014,243.29999999999995,1,1,0.0
1554,2,950.2,308.0,109.5,285.9,1,1,1.0
1554,1,1068.1,304.0,91.10000000000014,243.29999999999995,1,1,0.0
1555,2,950.2,308.0,109.5,285.9,1,1,1.0
1555,1,1068.1,304.0,91.10000000000014,243.29999999999995,1,1,0.0
1556,2,950.2,308.0,109.5,285.9,1,1,1.0
1556,1,1068.1,304.0,91.10000000000014,243.29999999999995,1,1,0.0
1557,2,950.2,308.0,109.5,285.9,1,1,1.0
1557,1,1068.1,304.0,91.10000000000014,243.29999999999995,1,1,0.0
1558,2,950.2,308.0,109.5,285.9,1,1,1.0
1558,1,1068.1,304.0,91.10000000000014,243.29999999999995,1,1,0.0
1559,2,950.2,308.0,109.5,285.9,1,1,1.0
1559,1,1068.1,304.0,91.10000000000014,243.29999999999995,1,1,0.0
1560,2,950.2,308.0,109.5,285.9,1,1,1.0
1560,1,1068.1,304.0,91.10000000000014,243.29999999999995,1,1,0.0
1561,2,950.2,308.0,109.5,285.9,1,1,1.0
1561,1,1068.1,304.0,91.10000000000014,243.29999999999995,1,1,0.0
1562,2,950.2,308.0,109.5,285.9,1,1,1.0
1562,1,1068.1,304.0,91.10000000000014,243.29999999999995,1,1,0.0
1563,2,950.2,308.0,109.5,285.9,1,1,1.0
1563,1,1068.1,304.0,91.10000000000014,243.29999999999995,1,1,0.0
1564,2,950.2,308.0,109.5,285.9,1,1,1.0
1564,1,1068.1,304.0,91.10000000000014,243.29999999999995,1,1,0.0
1565,2,950.2,308.0,109.5,285.9,1,1,1.0
1565,1,1068.1,304.0,91.10000000000014,243.29999999999995,1,1,0.0
1566,2,950.2,308.0,109.5,285.9,1,1,1.0
1566,1,1068.1,304.0,91.10000000000014,243.29999999999995,1,1,0.0
1567,2,950.2,308.0,109.5,285.9,1,1,1.0
1567,1,1068.1,304.0,91.10000000000014,243.29999999999995,1,1,0.0
1568,2,950.2,308.0,109.5,285.9,1,1,1.0
1568,1,1068.1,304.0,91.10000000000014,243.29999999999995,1,1,0.0
1569,2,950.2,308.0,109.5,285.9,1,1,1.0
1569,1,1068.1,304.0,91.10000000000014,243.29999999999995,1,1,0.0
1570,2,950.2,308.0,109.5,285.9,1,1,1.0
1570,1,1068.1,304.0,91.10000000000014,243.29999999999995,1,1,0.0
1571,2,950.2,308.0,109.5,285.9,1,1,1.0
1571,1,1068.1,304.0,91.10000000000014,243.29999999999995,1,1,0.0
1572,2,950.2,308.0,109.5,285.9,1,1,1.0
1572,1,1068.1,304.0,91.10000000000014,243.29999999999995,1,1,0.0
1573,2,950.2,308.0,109.5,285.9,1,1,1.0
1573,1,1068.1,304.0,91.10000000000014,243.29999999999995,1,1,0.0
1574,2,950.2,308.0,109.5,285.9,1,1,1.0
1574,1,1068.1,304.0,91.10000000000014,243.29999999999995,1,1,0.0
1575,2,950.2,308.0,109.5,285.9,1,1,1.0
1575,1,1068.1,304.0,91.10000000000014,243.29999999999995,1,1,0.0
1576,2,950.2,308.0,109.5,285.9,1,1,1.0
1576,1,1068.1,304.0,91.10000000000014,243.29999999999995,1,1,0.0
1577,2,950.2,308.0,109.5,285.9,1,1,1.0
1577,1,1068.1,304.0,91.10000000000014,243.29999999999995,1,1,0.0
1578,2,950.2,308.0,109.5,285.9,1,1,1.0
1578,1,1068.1,304.0,91.10000000000014,243.29999999999995,1,1,0.0
1579,2,950.2,308.0,109.5,285.9,1,1,1.0
1579,1,1068.1,304.0,91.10000000000014,243.29999999999995,1,1,0.0
1580,2,950.2,308.0,109.5,285.9,1,1,1.0
1580,1,1068.1,304.0,91.10000000000014,243.29999999999995,1,1,0.0
1581,2,950.2,308.0,109.5,285.9,1,1,1.0
1581,1,1068.1,304.0,91.10000000000014,243.29999999999995,1,1,0.0
1582,2,950.2,308.0,109.5,285.9,1,1,1.0
1582,1,1068.1,304.0,91.10000000000014,243.29999999999995,1,1,0.0
1583,2,950.2,308.0,109.5,285.9,1,1,1.0
1583,1,1068.1,304.0,91.10000000000014,243.29999999999995,1,1,0.0
1584,2,950.2,308.0,109.5,285.9,1,1,1.0
1584,1,1068.1,304.0,91.10000000000014,243.29999999999995,1,1,0.0
1585,2,950.2,308.0,109.5,285.9,1,1,1.0
1585,1,1068.1,304.0,91.10000000000014,243.29999999999995,1,1,0.0
1586,2,950.2,308.0,109.5,285.9,1,1,1.0
1586,1,1068.1,304.0,91.10000000000014,243.29999999999995,1,1,0.0
1587,2,950.2,308.0,109.5,285.9,1,1,1.0
1587,1,1068.1,304.0,91.10000000000014,243.29999999999995,1,1,0.0
1588,2,950.2,308.0,109.5,285.9,1,1,1.0
1588,1,1068.1,304.0,91.10000000000014,243.29999999999995,1,1,0.0
1589,2,950.2,308.0,109.5,285.9,1,1,1.0
1589,1,1068.1,304.0,91.10000000000014,243.29999999999995,1,1,0.0
1590,2,950.2,308.0,109.5,285.9,1,1,1.0
1590,1,1068.1,304.0,91.10000000000014,243.29999999999995,1,1,0.0
1591,2,950.2,308.0,109.5,285.9,1,1,1.0
1591,1,1068.1,304.0,91.10000000000014,243.29999999999995,1,1,0.0
1592,2,950.2,308.0,109.5,285.9,1,1,1.0
1592,1,1068.1,304.0,91.10000000000014,243.29999999999995,1,1,0.0
1593,2,950.2,308.0,109.5,285.9,1,1,1.0
1593,1,1068.1,304.0,91.10000000000014,243.29999999999995,1,1,0.0
1594,2,950.2,308.0,109.5,285.9,1,1,1.0
1594,1,1068.1,304.0,91.10000000000014,243.29999999999995,1,1,0.0
1595,2,950.2,308.0,109.5,285.9,1,1,1.0
1595,1,1068.1,304.0,91.10000000000014,243.29999999999995,1,1,0.0
1596,2,950.2,308.0,109.5,285.9,1,1,1.0
1596,1,1068.1,304.0,91.10000000000014,243.29999999999995,1,1,0.0
1597,2,950.2,308.0,109.5,285.9,1,1,1.0
1597,1,1068.1,304.0,91.10000000000014,243.29999999999995,1,1,0.0
1598,2,950.2,308.0,109.5,285.9,1,1,1.0
1598,1,1068.1,304.0,91.10000000000014,243.29999999999995,1,1,0.0
1599,2,950.2,308.0,109.5,285.9,1,1,1.0
1599,1,1068.1,304.0,91.10000000000014,243.29999999999995,1,1,0.0
1600,2,950.2,308.0,109.5,285.9,1,1,1.0
1600,1,1068.1,304.0,91.10000000000014,243.29999999999995,1,1,0.0
1601,2,950.2,308.0,109.5,285.9,1,1,1.0
1601,1,1068.1,304.0,91.10000000000014,243.29999999999995,1,1,0.0
1602,2,950.2,308.0,109.5,285.9,1,1,1.0
1602,1,1068.1,304.0,91.10000000000014,243.29999999999995,1,1,0.0
1603,2,950.2,308.0,109.5,285.9,1,1,1.0
1603,1,1068.1,304.0,91.10000000000014,243.29999999999995,1,1,0.0
1604,2,950.2,308.0,109.5,285.9,1,1,1.0
1604,1,1068.1,304.0,91.10000000000014,243.29999999999995,1,1,0.0
1605,2,950.2,308.0,109.5,285.9,1,1,1.0
1605,1,1068.1,304.0,91.10000000000014,243.29999999999995,1,1,0.0
1606,2,950.2,308.0,109.5,285.9,1,1,1.0
1606,1,1068.1,304.0,91.10000000000014,243.29999999999995,1,1,0.0
1607,2,950.2,308.0,109.5,285.9,1,1,1.0
1607,1,1068.1,304.0,91.10000000000014,243.29999999999995,1,1,0.0
1608,2,950.2,308.0,109.5,285.9,1,1,1.0
1608,1,1068.1,304.0,91.10000000000014,243.29999999999995,1,1,0.0
1609,2,950.2,308.0,109.5,285.9,1,1,1.0
1609,1,1068.1,304.0,91.10000000000014,243.29999999999995,1,1,0.0
1610,2,950.2,308.0,109.5,285.9,1,1,1.0
1610,1,1068.1,304.0,91.10000000000014,243.29999999999995,1,1,0.0
1611,2,950.2,308.0,109.5,285.9,1,1,1.0
1611,1,1068.1,304.0,91.10000000000014,243.29999999999995,1,1,0.0
1612,2,950.2,308.0,109.5,285.9,1,1,1.0
1612,1,1068.1,304.0,91.10000000000014,243.29999999999995,1,1,0.0
1613,2,950.2,308.0,109.5,285.9,1,1,1.0
1613,1,1068.1,304.0,91.10000000000014,243.29999999999995,1,1,0.0
